"Label","Network"
1,"X130258"
2,"X113309"
3,"X69566"
4,"X80839"
5,"X44028"
6,"X97737"
7,"X126542"
8,"X61007"
9,"X60377"
10,"X125651"
11,"X45034"
12,"X61325"
13,"X126286"
14,"X53631"
15,"X129734"
16,"X27644"
17,"X60339"
18,"X12284"
19,"X129492"
20,"X126872"
21,"X112462"
22,"X29535"
23,"X116601"
24,"X58319"
25,"X61286"
26,"X93164"
27,"X128434"
28,"X61386"
29,"X63831"
30,"X28367"
31,"X30573"
32,"X108443"
33,"X89307"
34,"X85470"
35,"WT"
36,"X126157"
37,"X23515"
38,"X47054"
39,"X32318"
40,"X44007"
41,"X53071"
42,"X60207"
43,"X128527"
44,"X96184"
45,"X65095"
46,"X106078"
47,"X61819"
48,"X28111"
49,"X60878"
50,"X125366"
51,"X122596"
52,"X61350"
53,"X62950"
54,"X52847"
55,"X48858"
56,"X120174"
57,"X121529"
58,"X123518"
59,"X61230"
60,"X77675"
61,"X114469"
62,"X61086"
63,"X115671"
64,"X48731"
65,"X53198"
66,"X122728"
67,"X63374"
68,"X65332"
69,"X65101"
70,"X114506"
71,"X118415"
72,"X28397"
73,"X93310"
74,"X31343"
75,"X61274"
76,"X110142"
77,"X76542"
78,"X61262"
79,"X65294"
80,"X11771"
81,"X113636"
82,"X125739"
83,"X61134"
84,"X28463"
85,"X85978"
86,"X127691"
87,"X110411"
88,"X127701"
89,"X110414"
90,"X126734"
91,"X8188"
92,"X127790"
93,"X59215"
94,"X55134"
95,"X14015"
96,"X90054"
97,"X129388"
98,"X53101"
99,"X62767"
100,"X91623"
