name,pos_cycle,Total Negative cycles,Frustration Boolean,plast_2,JSD,no signal FrusB,Frustration RACIPE,no signal FrusR
10051749,4,9,0.25,0.2504,0.957491096,0.275862069,0.532997738,0.538909421
568341001,7,6,0.17783125,0.6232,0.980861569,0.163127586,0.525480889,0.510611154
1343931432,11,2,0.15445625,0.6647,0.784523967,0.14307931,0.475616394,0.456418619
622970886,8,5,0.204,0.4815,0.932080355,0.19917931,0.511080311,0.50850738
1082805345,6,7,0.268736309,0.3332,0.902628547,0.275862069,0.504066544,0.515086857
1115954322,6,7,0.269353364,0.2347,0.97400625,0.275862069,0.52396691,0.530975134
1431699496,8,5,0.199759375,0.5421,0.978734407,0.200493103,0.46557487,0.473193437
190850090,6,7,0.2285,0.4408,0.958951075,0.239382759,0.499280098,0.49426253
77431301,8,5,0.19901875,0.5089,0.974538943,0.199658621,0.506746865,0.505500489
413990996,6,7,0.273541881,0.2757,0.924453506,0.275862069,0.521758971,0.524521698
33590202,9,4,0.200071875,0.7243,0.99048088,0.180772414,0.477881441,0.472561598
336694369,8,5,0.20820246,0.6012,0.856540896,0.206896552,0.515416111,0.501282604
2205435008,9,4,0.183946875,0.4435,0.97249424,0.162241379,0.480964622,0.479775698
508364801,6,7,0.284388746,0.3358,0.942991053,0.289323996,0.534656679,0.529657092
513957952,4,9,0.21875,0.226,0.947501615,0.24137931,0.504795613,0.512675642
1619592726,7,6,0.216042904,0.7069,0.948210812,0.213944226,0.555460589,0.543622574
302013765,7,6,0.248740625,0.3136,0.91412759,0.256572414,0.526698053,0.534130954
302175396,6,7,0.261694253,0.2225,0.945023737,0.275862069,0.512485347,0.516485326
37094453,7,6,0.23516875,0.4608,0.918514083,0.231624138,0.49940122,0.511463747
427925574,7,6,0.18425,0.4463,0.857613285,0.18032069,0.547966084,0.53968507
2628782145,6,7,0.27453125,0.3539,0.946240003,0.284227586,0.519569504,0.513078326
1233129944,5,8,0.2519375,0.4179,0.947235588,0.254989655,0.503728509,0.506775011
8764944,6,7,0.268579264,0.3783,0.974141522,0.275862069,0.512736694,0.503216323
881086576,6,7,0.239265625,0.3743,0.964991054,0.232231034,0.522888233,0.522349342
721622276,8,5,0.22016875,0.3494,0.793622079,0.226372414,0.519437569,0.532841149
155756689,6,7,0.251797055,0.2166,0.974117485,0.260753662,0.526689141,0.535457615
156440128,7,6,0.230375,0.3056,0.945836093,0.220903448,0.50397475,0.508628266
1069563936,5,8,0.302330552,0.3016,0.964177841,0.310344828,0.522450367,0.514517605
587282768,7,6,0.226450838,0.4356,0.858528379,0.24137931,0.520255265,0.524853684
587467309,8,5,0.2137625,0.5194,0.980759034,0.21852069,0.492442545,0.488252282
1150432336,5,8,0.289232137,0.3002,0.959053433,0.310344828,0.512218216,0.512926351
138093664,6,7,0.276814578,0.2114,0.758565183,0.276725553,0.514956591,0.518035718
545441232,7,6,0.242511714,0.4558,0.958694059,0.24137931,0.541618044,0.528992471
68815761,6,7,0.24783426,0.3572,0.977069335,0.242112027,0.482616724,0.490893966
688262158,13,0,0.118853125,0.8498,0.947148124,0.091537931,0.437810156,0.448602241
940900997,6,7,0.245580025,0.3189,0.942086975,0.24137931,0.516897421,0.51771593
1086598217,6,7,0.2309875,0.4779,0.968466397,0.229258621,0.498514307,0.493260066
1086866104,7,6,0.254768702,0.5187,0.977122275,0.251013024,0.485591386,0.490793295
604332090,9,4,0.205371875,0.6486,0.971577403,0.191817241,0.469921992,0.47857358
605690401,5,8,0.23947055,0.2813,0.967010855,0.234703783,0.531579947,0.521841059
830478425,7,6,0.251925,0.4472,0.909821486,0.249258621,0.491601145,0.493285936
1485440098,6,7,0.278568229,0.3419,0.818062116,0.284512025,0.536192347,0.52759305
751045144,7,6,0.2346,0.4361,0.95906144,0.235689655,0.454804384,0.451229462
7510596,7,6,0.24428125,0.3585,0.966395293,0.248172414,0.487608656,0.491799019
1283719864,8,5,0.2320875,0.5731,0.968699274,0.227755172,0.459755279,0.454059397
119211648,7,6,0.256475,0.3714,0.964637303,0.249534483,0.512321209,0.502889273
1141245896,9,4,0.182496875,0.7387,0.987826546,0.179534483,0.488778403,0.484514672
1611208205,11,2,0.12774375,0.792,0.949691543,0.107875862,0.483128968,0.462271338
1611738150,9,4,0.181562617,0.6154,0.813414151,0.179711936,0.524083253,0.519728737
672088464,8,5,0.133123277,0.6786,0.970499565,0.14689465,0.505940781,0.507496553
21041625,5,8,0.252934375,0.3883,0.950140638,0.246889655,0.477463377,0.477618191
271068836,5,8,0.305644133,0.1575,0.985291746,0.310344828,0.519846245,0.518446905
174328327,8,5,0.230490625,0.5096,0.97145328,0.221075862,0.516204887,0.531143398
141628001,6,7,0.228043432,0.4827,0.928179238,0.22966373,0.507406155,0.521231701
1419804702,8,5,0.2183625,0.5657,0.950733568,0.214031034,0.483117096,0.468759039
1077150841,8,5,0.21194375,0.6026,0.950685693,0.205658621,0.461625244,0.455672124
1099358213,6,7,0.212890625,0.4111,0.969012845,0.224686207,0.512159438,0.510068377
1101042435,7,6,0.230378125,0.3107,0.964601788,0.221589655,0.504088671,0.508206706
809580720,8,5,0.235240625,0.4092,0.969438148,0.24137931,0.515821734,0.516915218
555352298,8,5,0.164734375,0.4203,0.956617579,0.172413793,0.517290432,0.518383101
705759585,8,5,0.198165172,0.5424,0.478468548,0.2046394,0.506276468,0.507274402
573868051,5,8,0.293586572,0.235,0.895426172,0.310344828,0.531841596,0.523361745
57427971,7,6,0.23443125,0.4185,0.96356783,0.247037931,0.512099671,0.51419407
1351754822,6,7,0.213453125,0.3487,0.931147286,0.225782759,0.5414933,0.542138381
3089125600,4,9,0.303091471,0.2057,0.92790212,0.310344828,0.502680996,0.512569024
394945536,8,5,0.216696875,0.3917,0.957962163,0.213613793,0.494113183,0.498212752
2835746432,6,7,0.206803125,0.4508,0.977929293,0.195431034,0.502755983,0.515390758
455741536,4,9,0.303191489,0.1923,0.829979281,0.310344828,0.510387656,0.519380469
46702681,5,8,0.269653125,0.3632,0.940072754,0.285793103,0.469108392,0.458969339
103290468,4,9,0.255771735,0.2365,0.969957401,0.275862069,0.521773315,0.522002864
353484952,8,5,0.178821875,0.5183,0.95121644,0.187196552,0.496214938,0.49195728
864551189,5,8,0.28125,0.2808,0.895671492,0.275862069,0.532400185,0.525754377
86544834,8,5,0.20843125,0.4198,0.968832271,0.204241379,0.521166131,0.523484878
238430216,8,5,0.214396875,0.6191,0.953061366,0.19947931,0.528364015,0.533572926
538527648,8,5,0.205853077,0.6263,0.943341108,0.206408396,0.542717597,0.52828569
540021699,7,6,0.2448625,0.3645,0.945292239,0.248396552,0.545345563,0.539629784
420585498,9,4,0.19895,0.582,0.735657703,0.194751724,0.5069088,0.494857277
421924962,8,5,0.179298471,0.4411,0.923421095,0.166636222,0.544727812,0.562875489
486941762,7,6,0.20805625,0.5095,0.965986145,0.194075862,0.530769029,0.53623562
488674049,5,8,0.2835125,0.2622,0.961759396,0.285431034,0.523045162,0.522874587
1377325574,7,6,0.184346875,0.4669,0.931225097,0.180248276,0.488423309,0.489848971
1531445261,8,5,0.236803125,0.5598,0.903940465,0.226796552,0.494666884,0.505416628
154155600,6,7,0.264298849,0.3444,0.959471927,0.275862069,0.503516259,0.513597069
1812231232,9,4,0.18129375,0.5492,0.976939287,0.175931034,0.487973593,0.502957083
274764483,8,5,0.2146375,0.4366,0.976022197,0.221982759,0.521951804,0.511254339
321659907,5,8,0.251321875,0.2608,0.944645471,0.250555172,0.537030278,0.532348209
2694925318,9,4,0.2221,0.4838,0.879357816,0.212275862,0.497347336,0.483901779
1410356770,5,8,0.251611456,0.3474,0.950682059,0.246601242,0.514808548,0.503420458
156829976,7,6,0.245984375,0.4197,0.896866593,0.254293103,0.498727014,0.501041687
551420296,9,4,0.1893875,0.6759,0.965500658,0.175582759,0.471000252,0.472695178
554441290,7,6,0.201275,0.5311,0.967648181,0.191817241,0.48838513,0.49710449
911737100,7,6,0.286173436,0.4853,0.916028038,0.285327038,0.494081999,0.49166585
912795652,8,5,0.23048125,0.4662,0.970587116,0.227155172,0.552917031,0.548006632
615481856,9,4,0.197009375,0.6045,0.975844886,0.182748276,0.51277725,0.515757588
592775233,6,7,0.24199375,0.3287,0.949417483,0.248958621,0.545114127,0.549524272
76616306,9,4,0.191875,0.5478,0.962452588,0.195351724,0.514351399,0.528352604
768352288,4,9,0.21875,0.1967,0.967552857,0.24137931,0.491869989,0.492771225
1110115744,8,5,0.203910615,0.3513,0.950188491,0.206896552,0.5123516,0.513611282
1111507063,7,6,0.2316,0.442,0.961877825,0.2316,0.507941806,0.509115309
679508049,8,5,0.210805872,0.6261,0.889159354,0.206896552,0.511966395,0.510055738
1082198695,7,6,0.238606557,0.462,0.978863642,0.24137931,0.492168437,0.506638574
638698499,7,6,0.1732,0.5667,0.837033305,0.178775862,0.517593641,0.522908586
1614913889,4,9,0.25,0.1859,0.941000002,0.275862069,0.523344645,0.522430757
974656260,7,6,0.2786375,0.3126,0.903627218,0.291251724,0.524304313,0.522117434
975709760,7,6,0.2309875,0.3479,0.959078751,0.231924138,0.498550751,0.489173719
1342712598,5,8,0.256966603,0.2877,0.954296265,0.275862069,0.501832727,0.498836518
692912736,6,7,0.259835154,0.3,0.966549814,0.267129785,0.493893895,0.507813855
1124278924,6,7,0.2373625,0.4796,0.957696565,0.239224138,0.49797348,0.496459061
381732873,10,3,0.162609375,0.7497,0.985028707,0.154675862,0.48123215,0.48239772
1654916233,10,3,0.17305625,0.6348,0.981183384,0.153655172,0.540998958,0.531177488
1074573398,6,7,0.247037083,0.3503,0.948559241,0.258580819,0.507587039,0.499029429
115589128,8,5,0.219659375,0.5935,0.96350975,0.218565517,0.467080387,0.46073312
1241581356,9,4,0.222559375,0.4968,0.912485418,0.212355172,0.557707312,0.563505541
84808386,8,5,0.22813125,0.4212,0.967645103,0.225748276,0.538159066,0.533150404
1143753256,6,7,0.21875,0.3794,0.979035098,0.24137931,0.486802325,0.484467838
1144259637,6,7,0.24160625,0.3609,0.955699659,0.24892069,0.512835673,0.513837334
1092813357,7,6,0.255309375,0.3858,0.948521207,0.250596552,0.485091261,0.486247612
711008774,10,3,0.1778375,0.6769,0.960251927,0.161341379,0.487027772,0.50174448
1361154130,7,6,0.211199391,0.3241,0.804155024,0.201597286,0.503523025,0.501406311
436210899,7,6,0.241339423,0.4421,0.945615501,0.237940293,0.528459009,0.534106182
104097860,7,6,0.2488,0.2965,0.97060526,0.255717241,0.519332507,0.525448429
345057364,9,4,0.179263657,0.5606,0.948106733,0.18875216,0.534088932,0.532578112
27836833,6,7,0.236963983,0.3673,0.975656573,0.250251308,0.501133032,0.502815137
2139095556,8,5,0.203903125,0.5835,0.979038438,0.198865517,0.539405833,0.529759691
302533961,8,5,0.24873125,0.5586,0.869839651,0.234010345,0.455270863,0.454228812
424151602,8,5,0.20420625,0.5216,0.97855494,0.199475862,0.507427049,0.50503721
417336339,8,5,0.206476005,0.6202,0.965255985,0.206850124,0.550890454,0.540239314
313591425,7,6,0.226628125,0.385,0.955457706,0.209944828,0.523028264,0.527017137
726663251,9,4,0.188350905,0.4999,0.892799426,0.186337431,0.494233451,0.512306039
537007710,7,6,0.207175,0.3586,0.950481556,0.223162069,0.498016393,0.488696457
580970756,7,6,0.245365625,0.3053,0.949539581,0.25502069,0.541467448,0.55446591
814776875,8,5,0.205209375,0.6105,0.97005004,0.210627586,0.495615368,0.50868607
816369824,5,8,0.288743911,0.1675,0.966184267,0.310344828,0.505326302,0.511145575
6458200,8,5,0.16441875,0.4432,0.979496735,0.172413793,0.448965339,0.452935181
805881099,6,7,0.162065625,0.5266,0.875669161,0.160306897,0.463002283,0.470737115
806366851,6,7,0.234,0.3315,0.968725145,0.24137931,0.548238165,0.557928972
1495355440,8,5,0.223215625,0.4046,0.759262705,0.221972414,0.523586329,0.521398424
1511136768,5,8,0.256671875,0.3139,0.916795994,0.259137931,0.527074747,0.533585765
1317143608,10,3,0.17656875,0.6955,0.970736411,0.158134483,0.440862634,0.434264502
619184777,9,4,0.206796875,0.6324,0.960348119,0.186113793,0.534086746,0.522309457
741212689,7,6,0.230588942,0.4522,0.968772432,0.24137931,0.522838038,0.526110008
1125466704,6,7,0.273753369,0.3541,0.954789292,0.275862069,0.514147794,0.515846345
1129319186,5,8,0.271334706,0.2327,0.974061183,0.275862069,0.518559559,0.51268707
872517137,5,8,0.193294353,0.4509,0.960852678,0.213290321,0.500554792,0.513981531
1223758880,7,6,0.186714567,0.4191,0.930395375,0.202691337,0.516737991,0.528913625
88900133,5,8,0.271796578,0.2357,0.975183766,0.275862069,0.524488144,0.519280346
474007720,7,6,0.24991875,0.4267,0.973888423,0.248055172,0.467916669,0.453999726
428884252,8,5,0.221240625,0.505,0.835381782,0.218113793,0.498064163,0.495126108
1392519282,9,4,0.167359375,0.54,0.930458277,0.174606897,0.521820662,0.528815114
193200307,7,6,0.2347375,0.4022,0.966363716,0.235455172,0.523475564,0.526559661
141152416,6,7,0.21875,0.2678,0.94374343,0.24137931,0.49147784,0.496915601
141572172,9,4,0.196428125,0.7048,0.938289826,0.184882759,0.484486297,0.486125431
1107727296,6,7,0.235371875,0.4306,0.975993583,0.22432069,0.516320815,0.527646047
1108413140,7,6,0.227285852,0.4584,0.95456488,0.236022701,0.499577571,0.498350244
1447051533,7,6,0.254635216,0.4969,0.962187087,0.251231527,0.455910471,0.454362995
108056706,6,7,0.200165625,0.3857,0.968893088,0.207582759,0.520064289,0.519229295
1201737216,5,8,0.222009375,0.3776,0.962113759,0.222975862,0.53203198,0.52457935
1209418568,8,5,0.239284375,0.5433,0.944117994,0.224758621,0.52488797,0.526677117
540291171,6,7,0.264779384,0.2943,0.934549088,0.275862069,0.515591024,0.529793218
540575267,7,6,0.242841925,0.4328,0.940145469,0.24137931,0.535173368,0.520851315
170426909,8,5,0.20413125,0.5339,0.91514805,0.200210345,0.478377359,0.473300869
38806926,7,6,0.2805875,0.5103,0.972602674,0.267093103,0.486337865,0.481222265
38854731,8,5,0.2263125,0.5888,0.95236992,0.2247,0.461107533,0.451691137
117640776,9,4,0.172521875,0.6271,0.972761063,0.168631034,0.521752629,0.514810019
117711749,6,7,0.23274375,0.3849,0.967809397,0.241834483,0.524147009,0.535737931
1251266561,6,7,0.279784375,0.2949,0.908698584,0.298651724,0.521996713,0.528900357
134679340,7,6,0.246625,0.4636,0.969710828,0.254755172,0.50717482,0.505146381
591418412,7,6,0.253046875,0.4177,0.950108864,0.248344828,0.486098621,0.49566655
756072984,9,4,0.177790625,0.6996,0.974708051,0.183151724,0.480477155,0.476062076
75745361,6,7,0.243973764,0.3289,0.934955151,0.237205322,0.509063493,0.520772659
570998906,12,1,0.148721875,0.8004,0.84620661,0.124486207,0.486498678,0.487115469
571631700,6,7,0.266494456,0.2474,0.856049666,0.284642659,0.51360112,0.525449321
1074846113,8,5,0.209897814,0.4696,0.947957443,0.20229448,0.478969876,0.487558361
1075583664,5,8,0.2865875,0.3191,0.976067417,0.283506897,0.516341642,0.514917589
1153831520,4,9,0.265203713,0.2777,0.961408556,0.275862069,0.507670335,0.506243848
159458977,5,8,0.230685921,0.3124,0.960523863,0.24137931,0.520548258,0.530808589
159533158,4,9,0.289657283,0.3227,0.897779554,0.310344828,0.539149329,0.543827317
162170432,7,6,0.246471875,0.3949,0.963002447,0.255148276,0.53538199,0.539381617
268705386,6,7,0.198415625,0.4017,0.978166162,0.205558621,0.47522714,0.477081129
1481179779,7,6,0.249821875,0.3912,0.923720397,0.248441379,0.540041435,0.532643897
958411200,7,6,0.256709375,0.4166,0.950913056,0.247675862,0.502252538,0.513673867
96211472,4,9,0.299660583,0.181,0.969389402,0.310344828,0.514535203,0.510609819
329318808,8,5,0.204825,0.5514,0.948019857,0.201,0.468853795,0.478232292
1778520103,6,7,0.280576196,0.2604,0.816205151,0.284311648,0.506464537,0.511316706
545890664,5,8,0.282678125,0.3521,0.847494101,0.285348276,0.49150575,0.48649942
3104048004,9,4,0.18893125,0.6339,0.9761713,0.177555172,0.531386954,0.518580051
2990048000,7,6,0.2487375,0.3698,0.921062849,0.260237931,0.510813399,0.510267745
2252348705,4,9,0.304576832,0.1968,0.957741073,0.310344828,0.504745145,0.503563169
2047115824,6,7,0.31158908,0.3963,0.948171741,0.314552969,0.497105146,0.506262807
92609576,5,8,0.25563125,0.3649,0.966402705,0.256755172,0.444998251,0.43218134
608222218,10,3,0.146959375,0.7137,0.979557933,0.138186207,0.4713266,0.464327295
675635394,6,7,0.251759375,0.2428,0.951156573,0.24137931,0.506832986,0.511683027
1615742216,11,2,0.13723125,0.6953,0.989945315,0.130903448,0.49781561,0.496074442
1615856442,8,5,0.22376875,0.6437,0.96641672,0.218137931,0.478966873,0.465322152
1111909412,5,8,0.23798182,0.3109,0.962026295,0.24137931,0.517217194,0.522391418
142752104,6,7,0.265090005,0.3707,0.920040441,0.275862069,0.477821146,0.476194676
554648624,10,3,0.18129375,0.631,0.961326108,0.162703448,0.547075954,0.569719546
1120160840,8,5,0.217471875,0.53,0.970070015,0.219731034,0.449940967,0.452023399
1083363664,4,9,0.302889069,0.1992,0.924343312,0.310344828,0.5323981,0.537823619
1564672257,7,6,0.25640625,0.3277,0.945618732,0.251655172,0.52168745,0.520614495
1952979072,6,7,0.250740625,0.3218,0.962298157,0.24137931,0.53355697,0.540713121
559952405,7,6,0.243210488,0.5083,0.985824556,0.24137931,0.545360805,0.531575935
813175169,7,6,0.29073125,0.3948,0.958662893,0.290972414,0.522818816,0.533643144
639730442,8,5,0.241171875,0.6094,0.934360089,0.225503448,0.494737378,0.499913782
773341732,7,6,0.204336102,0.5227,0.961265397,0.215586365,0.500457956,0.503824996
7735892,7,6,0.233590099,0.5053,0.977285901,0.237847782,0.517505745,0.5180401
84214505,6,7,0.23726875,0.3365,0.968711498,0.221686207,0.481318338,0.470617815
1233686752,4,9,0.25,0.2573,0.957826593,0.275862069,0.542913287,0.54973951
1237484041,7,6,0.258994837,0.5024,0.951485698,0.250959709,0.479420562,0.478947006
277023141,7,6,0.221397046,0.448,0.97427924,0.221518506,0.530968506,0.518170387
68039430,8,5,0.21125625,0.5009,0.970580592,0.208348276,0.527318519,0.517714235
68391592,4,9,0.255028125,0.3021,0.964180294,0.275862069,0.460158094,0.45900675
2701136279,6,7,0.28219468,0.3389,0.954401802,0.286216626,0.508911711,0.505631233
404127914,8,5,0.204203125,0.5604,0.934569073,0.198731034,0.511008449,0.514271382
119874128,5,8,0.25,0.1651,0.97419032,0.275862069,0.523841473,0.527260903
113267368,4,9,0.2878625,0.2885,0.948634035,0.310344828,0.482644979,0.478273581
696264199,7,6,0.203565625,0.4963,0.966140656,0.204334483,0.544459277,0.53370896
696281378,5,8,0.21875,0.2927,0.907413379,0.24137931,0.535327111,0.526403272
109064366,9,4,0.19625625,0.5099,0.983108914,0.189234483,0.49591,0.482724674
1092693509,8,5,0.243375,0.3995,0.945537115,0.238082759,0.481471786,0.487844491
1372586440,7,6,0.19029375,0.5651,0.967489402,0.170651724,0.47424715,0.468148317
351404562,7,6,0.220228596,0.4385,0.980396526,0.237119142,0.52450995,0.512576585
671788066,6,7,0.197956382,0.3935,0.853163104,0.206896552,0.529153418,0.527015
671846449,8,5,0.220609375,0.4059,0.754513712,0.222055172,0.543240061,0.535704046
430965648,7,6,0.244248013,0.4444,0.969218579,0.241246001,0.53261475,0.534564272
43155613,6,7,0.260344329,0.3505,0.94409206,0.245450192,0.486584839,0.484370707
288420128,6,7,0.240989184,0.2938,0.924436659,0.260944047,0.513359443,0.501377124
469922314,10,3,0.175196875,0.6544,0.974463805,0.1574,0.558643586,0.564004179
47384136,7,6,0.299233995,0.5826,0.957326192,0.297512661,0.478117982,0.474019267
415238755,5,8,0.2469461,0.3921,0.977318746,0.246310756,0.540364715,0.53040413
379879452,7,6,0.251703125,0.399,0.958198589,0.254286207,0.482607338,0.470597501
380901378,6,7,0.235409375,0.3022,0.952288755,0.225227586,0.518117693,0.510280836
595939364,4,9,0.332503903,0.2456,0.951856361,0.344827586,0.518212923,0.518541717
148774980,8,5,0.220253125,0.3981,0.968266642,0.222151724,0.540855289,0.536582787
268607121,4,9,0.25,0.2036,0.970231066,0.275862069,0.506887507,0.499689985
1343030833,8,5,0.210046875,0.5295,0.973976167,0.207496552,0.517509002,0.520412518
1343363354,5,8,0.23648125,0.3183,0.813747864,0.2499,0.509211777,0.5022042
50382185,7,6,0.23510625,0.4613,0.880093386,0.234231034,0.471141241,0.459089298
1711734952,7,6,0.254721875,0.4713,0.969709471,0.250051724,0.474992173,0.459916653
692097107,8,5,0.180148446,0.4554,0.941894894,0.167569452,0.500168437,0.497362184
692715907,7,6,0.234990625,0.3863,0.942524663,0.235941379,0.527877615,0.528531742
741605913,7,6,0.25064375,0.4086,0.947128393,0.254265517,0.482975288,0.48270056
86680256,6,7,0.2786375,0.2166,0.95985974,0.298089655,0.502047422,0.50447092
872498530,7,6,0.205326378,0.452,0.884369408,0.216018905,0.474926337,0.485981088
1096157360,7,6,0.250028125,0.4143,0.991227411,0.248448276,0.503644725,0.494517667
1098416226,10,3,0.122610968,0.6676,0.96434856,0.132808013,0.502785476,0.503874145
579637808,5,8,0.198475,0.3465,0.968141562,0.216675862,0.558046766,0.553288807
579969416,7,6,0.21526875,0.5943,0.937490369,0.195282759,0.47304332,0.485132666
1360023881,7,6,0.202153125,0.5307,0.868238244,0.19887931,0.508855724,0.504493097
1360142985,6,7,0.242934375,0.4399,0.960351576,0.229396552,0.516560443,0.510608035
709133574,6,7,0.292484375,0.2542,0.940736589,0.291434483,0.509440236,0.498848602
709905441,7,6,0.213239544,0.4472,0.889899442,0.230044499,0.487137263,0.487671706
1103103175,6,7,0.274673644,0.2995,0.968622753,0.280060847,0.519577241,0.52246789
1103119501,7,6,0.25275,0.5717,0.979144832,0.253586207,0.513678394,0.515143326
1614385344,5,8,0.25855,0.2538,0.888413583,0.253082759,0.526871534,0.520834643
1073867410,4,9,0.265575785,0.2451,0.96878637,0.275862069,0.51226574,0.514789278
1125187735,7,6,0.236665232,0.4735,0.894846217,0.24137931,0.511236498,0.498974563
1125396000,5,8,0.27134294,0.2947,0.969900117,0.275862069,0.497923072,0.506056372
363340328,6,7,0.219203125,0.3911,0.977783249,0.232689655,0.478050507,0.465384449
906027778,8,5,0.20865,0.4233,0.973753981,0.204265517,0.562618486,0.558046933
72363542,4,9,0.255583934,0.2548,0.973442237,0.275862069,0.498859436,0.502389417
72552553,5,8,0.249440625,0.323,0.936756163,0.261724138,0.464574575,0.465734044
389046281,7,6,0.212990625,0.5368,0.941604309,0.192158621,0.479290058,0.479660732
1411397956,6,7,0.237038352,0.3386,0.955075159,0.255485893,0.531119036,0.532556178
1111687602,7,6,0.2456625,0.424,0.962607036,0.235896552,0.508480673,0.508679981
1432897538,8,5,0.228275,0.547,0.97145541,0.217386207,0.510796236,0.509981423
143402660,6,7,0.225255038,0.2177,0.977792147,0.214074524,0.551175037,0.551557236
1275859778,7,6,0.2525125,0.3267,0.928526371,0.247075862,0.545224673,0.548004893
1275996736,9,4,0.19335625,0.522,0.976742886,0.189031034,0.52766451,0.520974158
125108258,6,7,0.253507284,0.3727,0.962155275,0.258880409,0.503689397,0.504619995
1350599402,9,4,0.183840625,0.6056,0.99344925,0.174886207,0.501354144,0.485615843
139561384,7,6,0.248809375,0.4711,0.946809799,0.248334483,0.487195649,0.494752021
1227915572,6,7,0.27432349,0.329,0.883145833,0.279695207,0.520139772,0.522940404
1350828780,6,7,0.200015625,0.4274,0.983749883,0.197358621,0.457838798,0.455268053
1150910490,7,6,0.231896875,0.5128,0.877870667,0.233048276,0.457123553,0.463436891
277832960,7,6,0.22078125,0.3588,0.955190461,0.223403448,0.495913026,0.503340457
269753688,5,8,0.236921875,0.2984,0.918721282,0.249962069,0.485024509,0.487261862
270898201,7,6,0.2361125,0.3915,0.947751157,0.243324138,0.469210114,0.468183209
1641055312,8,5,0.179645554,0.5713,0.976843581,0.166928952,0.553806436,0.556545965
164382768,7,6,0.25030625,0.4004,0.971050503,0.2482,0.525109571,0.519246453
340541740,7,6,0.233490625,0.3519,0.974459304,0.247886207,0.486371322,0.486868404
34293811,7,6,0.256384375,0.4177,0.793292711,0.247272414,0.524714881,0.526365751
154209299,7,6,0.227083735,0.4431,0.681838063,0.235341835,0.498748234,0.499982976
155195798,6,7,0.303085242,0.2729,0.96992105,0.310344828,0.507993601,0.511664725
486640708,8,5,0.2015375,0.5382,0.947873815,0.186558621,0.542333285,0.543705602
105159208,4,9,0.317084375,0.3055,0.9681806,0.314686207,0.465581916,0.465522406
382357760,6,7,0.300267527,0.2002,0.955344342,0.299381662,0.480813932,0.482760699
303726741,6,7,0.263470196,0.2828,0.916208779,0.282944122,0.496171028,0.497563385
1484833248,6,7,0.246823146,0.5421,0.960959676,0.24831787,0.537705708,0.52661483
2793740544,6,7,0.25124375,0.2773,0.952194331,0.24137931,0.542018433,0.544650985
103351398,7,6,0.238336551,0.4365,0.889312179,0.24137931,0.502821637,0.501512336
103959562,7,6,0.180409375,0.5439,0.944159298,0.183996552,0.467467288,0.464877957
169907936,6,7,0.225443727,0.2185,0.970073684,0.214282734,0.539299551,0.540456249
618143884,6,7,0.2421875,0.4467,0.938862883,0.228844828,0.48992284,0.483731719
619064320,10,3,0.162409375,0.6463,0.989803928,0.153013793,0.513616628,0.52890117
67262072,8,5,0.20815625,0.596,0.964575555,0.189706897,0.469527003,0.469444336
302329991,8,5,0.248609375,0.3702,0.950810147,0.24137931,0.504572303,0.505157785
302456352,5,8,0.25,0.3684,0.97384486,0.24137931,0.519911332,0.510581017
3221855104,7,6,0.184490625,0.4834,0.971146494,0.180013793,0.457818378,0.46655419
156841088,7,6,0.244953125,0.3915,0.96017748,0.253810345,0.52424182,0.533781865
2870084626,4,9,0.274260473,0.3226,0.622972572,0.275862069,0.498331725,0.508788384
287092896,5,8,0.289067932,0.2361,0.977038181,0.310344828,0.520365305,0.522769823
1108785280,9,4,0.19519375,0.4637,0.972482017,0.189017241,0.506931653,0.507758313
1109787462,9,4,0.184209375,0.4244,0.959131552,0.162896552,0.521299629,0.534287756
885276817,5,8,0.302405358,0.1806,0.958328492,0.310344828,0.520471927,0.521205862
751144968,8,5,0.228965625,0.5086,0.943996551,0.228341379,0.474854664,0.478013763
755075464,9,4,0.208559375,0.7268,0.958650845,0.189796552,0.489112692,0.482606144
584263688,8,5,0.217090625,0.5694,0.937331976,0.194127586,0.490743893,0.500728628
585647620,10,3,0.18058125,0.5932,0.986276805,0.176141379,0.545149969,0.550854698
118096423,6,7,0.247932099,0.3356,0.96326088,0.259497659,0.502707522,0.492951237
1182830089,7,6,0.179696875,0.6312,0.982122556,0.16542069,0.505829895,0.504393292
638010656,9,4,0.187525848,0.4989,0.945309072,0.185488149,0.5635552,0.551291783
638191828,8,5,0.203828125,0.3224,0.970315982,0.206896552,0.520045263,0.522910991
1619037028,8,5,0.203551879,0.5543,0.981789268,0.203869873,0.542665677,0.528690441
1619151017,7,6,0.26235625,0.414,0.970253203,0.254103448,0.496363667,0.483786583
58916973,7,6,0.237965625,0.4216,0.876826372,0.238437931,0.469006808,0.453405768
1384269835,9,4,0.2010375,0.6178,0.877502518,0.197541379,0.473693176,0.474558814
1384980993,6,7,0.220440625,0.3695,0.950526388,0.233282759,0.502474566,0.499970623
2286522375,8,5,0.21810625,0.4103,0.864149903,0.214165517,0.503776579,0.515579064
593495968,7,6,0.225464175,0.5119,0.983985225,0.24137931,0.502232468,0.520705732
59507380,6,7,0.226451572,0.3384,0.973562951,0.206896552,0.514718819,0.517228586
780272962,6,7,0.238297272,0.3001,0.945361454,0.24137931,0.517552414,0.523087293
620836908,10,3,0.163878125,0.7029,0.952873729,0.145658621,0.480742417,0.460292215
622872288,6,7,0.2651689,0.3121,0.977782891,0.275862069,0.543917062,0.544797869
1564476016,8,5,0.2177125,0.4789,0.983223454,0.2038,0.508132236,0.507572865
676077657,6,7,0.22954375,0.3597,0.927730134,0.232489655,0.457788092,0.465352277
1174692296,6,7,0.217746875,0.4838,0.971805562,0.215903448,0.491805652,0.494878919
1175334992,7,6,0.23887891,0.4996,0.961420705,0.24137931,0.509829563,0.512674763
412166169,10,3,0.131,0.7053,0.805164745,0.129410345,0.500022538,0.497517433
412668417,8,5,0.166746875,0.5958,0.944554214,0.17027931,0.546570929,0.536193623
408584304,6,7,0.2106375,0.4055,0.897804332,0.200444828,0.538633176,0.530037095
540057972,7,6,0.2486125,0.3044,0.906761135,0.257048276,0.531112866,0.528991877
684753121,5,8,0.192068429,0.3675,0.967963513,0.211937577,0.531784299,0.518495703
6873752,5,8,0.22916875,0.3811,0.966900609,0.247155172,0.493302334,0.495311364
423642817,7,6,0.2468875,0.3894,0.977847432,0.248317241,0.503506792,0.500049154
554461828,7,6,0.24001875,0.3111,0.97617397,0.225175862,0.514657748,0.51787783
8751662,7,6,0.251290625,0.4705,0.979735992,0.253703448,0.477421925,0.474177533
1082933720,6,7,0.20255625,0.4628,0.972092027,0.199017241,0.453948509,0.448298563
1074830611,7,6,0.246465011,0.3387,0.832722171,0.253254849,0.496214967,0.504195338
1074841931,9,4,0.208196875,0.587,0.846985804,0.190117241,0.490740232,0.502685542
75827501,6,7,0.265356265,0.3694,0.977435006,0.275862069,0.473619198,0.470431594
133316616,8,5,0.22241875,0.58,0.964013908,0.210737931,0.471600931,0.460483856
1076640352,6,7,0.266468819,0.3075,0.976557737,0.275862069,0.508333452,0.500791716
1422985536,7,6,0.24201875,0.3626,0.951200252,0.249475862,0.541027211,0.532621367
1427115153,6,7,0.257412997,0.3291,0.971747959,0.269620466,0.522916474,0.524176931
1159289856,6,7,0.23168125,0.417,0.914444524,0.23417931,0.497907904,0.499916043
3154903620,6,7,0.197175,0.4444,0.96550933,0.199668966,0.523808617,0.523830405
253116992,8,5,0.226725,0.5102,0.969957008,0.217293103,0.525112764,0.528367158
537168252,9,4,0.138696875,0.6295,0.977350648,0.137931034,0.472856338,0.46969881
537887299,9,4,0.181953125,0.6455,0.951212177,0.176941379,0.52348341,0.527346596
491798625,4,9,0.21875,0.3093,0.962535133,0.24137931,0.529850843,0.531321598
2963311626,9,4,0.187546875,0.6637,0.925024685,0.176175862,0.473242671,0.486161073
52889681,5,8,0.21875,0.2972,0.957737236,0.24137931,0.537011751,0.541351661
5319755,8,5,0.2059625,0.5851,0.925408259,0.19987931,0.463029542,0.461013333
353510497,7,6,0.243009943,0.3049,0.949790469,0.252452044,0.509158063,0.499053645
356893728,9,4,0.185103702,0.4378,0.968886168,0.183400863,0.502624375,0.51772546
695206030,9,4,0.197303125,0.7137,0.957646925,0.184713793,0.471912692,0.463376764
420226310,8,5,0.222203125,0.3439,0.953398985,0.221965517,0.52224521,0.52840308
152535426,9,4,0.167490625,0.6746,0.959911216,0.162672414,0.557170691,0.549215424
18102301,7,6,0.234615625,0.4444,0.961538567,0.2311,0.521406316,0.523301917
424683392,6,7,0.21765625,0.3711,0.970295971,0.214827586,0.530292259,0.522838322
42480496,6,7,0.269149871,0.3967,0.966490704,0.275862069,0.532332361,0.527763181
436521108,6,7,0.25329878,0.302,0.958825951,0.260410047,0.551724633,0.545726579
439358864,7,6,0.212602235,0.3429,0.927257732,0.221995034,0.543242197,0.548617786
270112328,9,4,0.197875,0.622,0.917970674,0.174193103,0.405812297,0.38756366
2458339336,8,5,0.226040625,0.665,0.956825223,0.22502069,0.490085247,0.48179105
174463504,6,7,0.201439645,0.4727,0.976282947,0.191949955,0.513028932,0.52577205
415270419,8,5,0.203307767,0.5624,0.97686724,0.202601244,0.548226576,0.537462781
416047234,7,6,0.2408375,0.2557,0.973750458,0.246996552,0.532671853,0.543037087
269111768,5,8,0.253346875,0.3856,0.942490703,0.27062069,0.472861252,0.461494265
1611042060,7,6,0.176346875,0.5813,0.963131255,0.16967931,0.480900441,0.481017386
1155531303,6,7,0.252582865,0.4149,0.983671816,0.256434666,0.502138609,0.514763856
605835560,8,5,0.22286875,0.3781,0.947409581,0.223210345,0.485892232,0.48969811
607294212,7,6,0.2482125,0.2393,0.956798504,0.257868966,0.538662943,0.535665609
1209565428,7,6,0.2387625,0.4208,0.919435126,0.225848276,0.528398891,0.543491933
1150354146,6,7,0.257477508,0.3631,0.970576995,0.275862069,0.517899687,0.532194633
591528835,6,7,0.313383557,0.3484,0.963344872,0.324545874,0.529518274,0.543012055
592511077,7,6,0.233773153,0.4538,0.894110094,0.236247904,0.491287096,0.508781609
1081098422,7,6,0.2535875,0.4923,0.976268177,0.2424,0.500361,0.511056552
806765844,6,7,0.246248118,0.3748,0.906459062,0.2399647,0.532921276,0.534500175
612460872,8,5,0.16713125,0.6188,0.950985307,0.140562069,0.51871198,0.513644056
613585680,5,8,0.262493845,0.2462,0.966821426,0.28317968,0.544688152,0.53805562
572623494,6,7,0.311223345,0.2933,0.948627266,0.314617439,0.514605831,0.518160888
404803686,8,5,0.213376751,0.406,0.856449271,0.220528193,0.54633136,0.536011797
405455944,9,4,0.18175,0.6199,0.860966965,0.176296552,0.519047902,0.509470694
744669249,6,7,0.1974,0.4507,0.965274899,0.199758621,0.505955605,0.490957366
973268000,7,6,0.232908923,0.3441,0.806982722,0.238728705,0.496846644,0.4882221
671894584,10,3,0.146584375,0.7073,0.941018386,0.140375862,0.513751615,0.517089201
738218093,6,7,0.23115,0.4617,0.949543635,0.233534483,0.487982216,0.471761929
123749569,7,6,0.23406875,0.4399,0.974265263,0.233682759,0.4849191,0.474097901
1237877265,6,7,0.251573351,0.3611,0.972271903,0.271895953,0.516980878,0.519960863
1084920866,4,9,0.332870692,0.1923,0.921976222,0.344827586,0.516854511,0.522829551
311951503,8,5,0.225621875,0.6538,0.911644312,0.218793103,0.456991158,0.456822386
71664715,8,5,0.2023625,0.5487,0.968208556,0.203282759,0.46453848,0.458181189
1141522889,5,8,0.241184375,0.5038,0.957735095,0.24137931,0.457189882,0.461188654
1141740065,4,9,0.294314924,0.2559,0.962377037,0.310344828,0.510571337,0.509321832
1448235024,5,8,0.25,0.1591,0.948109961,0.275862069,0.511178666,0.514913283
1344570181,4,9,0.1875,0.2603,0.95951805,0.206896552,0.512703684,0.51546264
1615344404,6,7,0.256568993,0.2966,0.980803812,0.267799629,0.542708992,0.544496154
1615361060,7,6,0.226552118,0.448,0.971229878,0.24137931,0.542051445,0.543874044
309203136,6,7,0.229353125,0.4138,0.957678814,0.2297,0.538753656,0.532222137
156467256,7,6,0.21798579,0.5442,0.926836919,0.206896552,0.501065076,0.502448638
156780292,8,5,0.21631875,0.3668,0.96569054,0.206896552,0.509911771,0.510300208
18434091,8,5,0.21704375,0.5856,0.766575166,0.218334483,0.489380507,0.491016686
186327058,7,6,0.252000232,0.3186,0.627606406,0.250399846,0.529036151,0.528875151
359696704,9,4,0.180690625,0.5626,0.975441526,0.174948276,0.504005061,0.502517126
363332681,9,4,0.18050625,0.6552,0.95966203,0.17477931,0.498321217,0.495016724
597698320,3,10,0.28719642,0.1621,0.971109476,0.310344828,0.530521432,0.535908649
2233538664,9,4,0.206196875,0.5133,0.93777078,0.190734483,0.45773593,0.455399784
141582396,7,6,0.20759375,0.6046,0.964157922,0.186431034,0.499835115,0.503213064
301760640,6,7,0.244892768,0.3159,0.967607111,0.24137931,0.508682426,0.51888006
2014315940,6,7,0.249545873,0.4205,0.918720764,0.258844517,0.479248901,0.490953398
545852179,7,6,0.195277096,0.4468,0.955942503,0.180995416,0.526843078,0.512843307
562536528,6,7,0.229066011,0.4745,0.974926807,0.24137931,0.508169526,0.511414703
86148249,8,5,0.2497,0.4015,0.966756949,0.24137931,0.471687927,0.467825051
864437504,9,4,0.222128125,0.4785,0.945215342,0.212517241,0.536757263,0.541552998
1132725443,7,6,0.234709375,0.363,0.971803545,0.235703448,0.516215069,0.519719071
113937536,6,7,0.206853125,0.2526,0.964173353,0.222641379,0.5022697,0.502983793
209802625,8,5,0.223584375,0.4858,0.957992555,0.212555172,0.519052808,0.531451119
548716944,5,8,0.259494964,0.2535,0.964789273,0.275862069,0.516744793,0.520089996
55116916,7,6,0.24886875,0.4956,0.953233994,0.248589655,0.500813234,0.490946403
941359189,7,6,0.234981921,0.4543,0.84699565,0.23015104,0.514757904,0.515980943
579094156,10,3,0.1848625,0.6464,0.977914232,0.178737931,0.528927214,0.516791344
1478062088,10,3,0.16453125,0.7025,0.759222583,0.1497,0.49236222,0.489275475
45482162,6,7,0.25,0.3784,0.961473672,0.24137931,0.516006912,0.525698046
9096608,6,7,0.262888055,0.3593,0.970896388,0.269821915,0.506723199,0.518246018
17069157,8,5,0.20455651,0.39,0.967491039,0.206896552,0.518534934,0.520204427
171038976,6,7,0.194940625,0.264,0.727702479,0.206896552,0.533688545,0.533420267
40059413,6,7,0.246703735,0.3634,0.959600422,0.24905509,0.510139843,0.5098098
40124526,7,6,0.231034375,0.4493,0.975567887,0.230924138,0.478122128,0.487461957
70262472,7,6,0.26119375,0.451,0.97024321,0.267062069,0.434620126,0.430580809
725975169,7,6,0.2403875,0.3371,0.95671655,0.25142069,0.52620542,0.526429802
92558373,7,6,0.232964027,0.3348,0.961232036,0.25041401,0.501267693,0.492393394
92934229,4,9,0.289485745,0.2448,0.952895437,0.310344828,0.502437876,0.503689473
940868122,7,6,0.248303125,0.489,0.903114578,0.248289655,0.492645983,0.490655495
100746070,9,4,0.188366902,0.4623,0.953527871,0.186481842,0.541750145,0.545174856
1012269090,6,7,0.253286439,0.3794,0.960380516,0.258395123,0.509984418,0.509500486
1041009664,6,7,0.245253125,0.3462,0.950119953,0.254103448,0.476275678,0.485370324
120066225,6,7,0.298571875,0.2615,0.972095611,0.297810345,0.501579484,0.497559338
149064744,8,5,0.214421875,0.4985,0.96656149,0.210451724,0.504792546,0.51803933
1644626957,10,3,0.173184375,0.7814,0.961328054,0.151231034,0.526684131,0.51322536
164727936,6,7,0.2368375,0.3031,0.947300387,0.220693103,0.534116761,0.537654973
170066161,4,9,0.21875,0.2676,0.901791889,0.206896552,0.514491632,0.516116918
190316571,7,6,0.244028125,0.4655,0.858785514,0.234486207,0.507103614,0.497599239
203821637,5,8,0.22969375,0.3359,0.965303368,0.247562069,0.547956224,0.54994643
2550287169,8,5,0.216446875,0.3601,0.954801947,0.206896552,0.556882328,0.553629183
270557613,5,8,0.255546875,0.3763,0.969818049,0.258551724,0.481150856,0.476528514
2706587665,5,8,0.21875,0.2402,0.925673427,0.24137931,0.506583775,0.50561961
271074022,7,6,0.259406616,0.277,0.969230275,0.275862069,0.517429443,0.506784041
2724201801,7,6,0.231934849,0.6092,0.95777201,0.206896552,0.467740443,0.467595393
2751631445,5,8,0.221702703,0.2992,0.93356393,0.241789376,0.519634208,0.512662089
2776631633,6,7,0.248874637,0.3286,0.958779904,0.256467604,0.523655056,0.525373098
2779514881,7,6,0.2309625,0.3737,0.963261995,0.241213793,0.515639864,0.524635896
278041249,4,9,0.25,0.2016,0.96871958,0.275862069,0.525519644,0.519530487
288981140,5,8,0.322922369,0.2344,0.922580789,0.344827586,0.517157662,0.517773507
303080290,5,8,0.231088745,0.2843,0.963169429,0.24137931,0.494077269,0.503868678
335762460,9,4,0.19785625,0.5328,0.914026986,0.193041379,0.495437688,0.48228134
335882704,5,8,0.230779308,0.3118,0.976144774,0.248915872,0.512368766,0.523075539
352341808,6,7,0.20394375,0.4437,0.977015773,0.199996552,0.51315213,0.511959106
352916746,8,5,0.172103125,0.5681,0.923147823,0.158686207,0.47900345,0.471292607
366494224,7,6,0.243553181,0.4304,0.982403144,0.240581509,0.510875929,0.510627663
372047941,7,6,0.235321875,0.3395,0.920912532,0.236913793,0.524277028,0.514858212
378557060,8,5,0.223275,0.3667,0.978381207,0.221741379,0.523496786,0.531288049
382111776,7,6,0.228255435,0.3355,0.974759989,0.24137931,0.503822438,0.493676129
415237406,7,6,0.236078125,0.3818,0.948198464,0.237537931,0.519743292,0.509334854
429990216,7,6,0.209825,0.475,0.853086955,0.196013793,0.516195269,0.507787382
480773316,6,7,0.31815367,0.3346,0.964491367,0.324757988,0.551647195,0.548047239
486614657,6,7,0.231290625,0.3817,0.965203295,0.221075862,0.52191252,0.514216936
503587110,6,7,0.275116355,0.2092,0.959579338,0.275862069,0.520488461,0.520935116
555245897,6,7,0.232215625,0.464,0.873317257,0.216462069,0.476487521,0.462849157
556321348,8,5,0.2259375,0.485,0.967692597,0.21507931,0.53093947,0.531742993
581453894,5,8,0.219196875,0.3545,0.916969255,0.223403448,0.519413767,0.523852131
625557608,7,6,0.176275,0.5509,0.956866242,0.162258621,0.49628967,0.492562406
637611274,8,5,0.179934375,0.6367,0.918365632,0.159117241,0.478758225,0.488601939
638992901,10,3,0.117346875,0.7587,0.967222387,0.118844828,0.55804423,0.548119473
641208586,6,7,0.252525,0.4902,0.893956827,0.253048276,0.513729633,0.521183101
666900552,9,4,0.201759375,0.6229,0.975977901,0.192134483,0.484338125,0.495317566
675088393,8,5,0.2410625,0.6109,0.869841863,0.224882759,0.479719616,0.480955343
679626322,7,6,0.244168919,0.436,0.943664991,0.241342032,0.532708822,0.518735305
705958593,6,7,0.228528125,0.3151,0.942293685,0.229596552,0.546266271,0.538969428
715470848,9,4,0.1942,0.4226,0.944575537,0.186596552,0.499060502,0.498910156
715665552,6,7,0.238223631,0.2807,0.953990935,0.258261857,0.489307402,0.501835569
813959961,6,7,0.265216049,0.3839,0.974562785,0.275862069,0.489346943,0.486393305
839913579,7,6,0.23361875,0.4553,0.772725362,0.229086207,0.486089304,0.483570155
8564132,4,9,0.299603175,0.2646,0.973890843,0.310344828,0.526829857,0.530958712
890700048,6,7,0.235827744,0.3559,0.959382572,0.248459616,0.539327387,0.530735826
903884808,9,4,0.194646875,0.6487,0.980671354,0.18162069,0.499632992,0.515305272
98831520,6,7,0.256290205,0.2992,0.975386105,0.267311146,0.510189638,0.501085345
1074381420,6,7,0.186034375,0.4855,0.933489045,0.195475862,0.464680646,0.472682228
1077976268,8,5,0.188790625,0.4959,0.982201627,0.193558621,0.461390032,0.462228418
1087441,7,6,0.237944192,0.4055,0.972201745,0.243177354,0.484253703,0.491585519
1112583425,7,6,0.258559375,0.3107,0.955924395,0.257317241,0.520176255,0.516185471
1120141930,7,6,0.2331875,0.4143,0.979528811,0.228972414,0.474726879,0.483252058
1123043333,8,5,0.203090625,0.5634,0.972149178,0.196975862,0.502433998,0.500660614
1124942224,6,7,0.194977427,0.387,0.968997174,0.215147505,0.508532588,0.510329937
1132480084,7,6,0.241921407,0.5014,0.9683455,0.24137931,0.526926255,0.516022135
1143015595,6,7,0.303004224,0.3528,0.952770299,0.314103536,0.455354575,0.458559122
1166067210,9,4,0.1945375,0.6392,0.979954681,0.190375862,0.504380568,0.506459974
1168834600,6,7,0.194640093,0.3537,0.940949934,0.206896552,0.481372488,0.480721995
1219070992,5,8,0.25,0.2865,0.823813449,0.24137931,0.513029528,0.523285339
1224851660,7,6,0.2271625,0.5135,0.925304191,0.22567931,0.549942516,0.55492501
1225788741,6,7,0.239369519,0.3543,0.883925387,0.24137931,0.531863238,0.536993106
1229848841,7,6,0.214556936,0.5418,0.946529259,0.206896552,0.503325925,0.497414651
1243656332,5,8,0.25505,0.4712,0.951252625,0.24137931,0.475216117,0.46439156
1249940656,7,6,0.237271875,0.4011,0.960309445,0.232268966,0.50377965,0.502402738
1288183836,5,8,0.25186875,0.3694,0.947946825,0.245624138,0.493328731,0.495196367
134294413,10,3,0.154596875,0.7497,0.960381674,0.146586207,0.488443619,0.490326541
1346868288,7,6,0.173603125,0.4464,0.986256522,0.177506897,0.51795495,0.52260811
1350830508,9,4,0.17195,0.6206,0.990162611,0.162803448,0.455560078,0.452908967
1355885064,10,3,0.1599125,0.6972,0.979245483,0.154344828,0.485319715,0.478916793
1364803602,8,5,0.178816564,0.5595,0.925611619,0.185845365,0.499198793,0.496698889
1376911419,9,4,0.18414375,0.6967,0.763854505,0.169417241,0.448385719,0.445775289
138498829,8,5,0.24248125,0.5061,0.949410719,0.227796552,0.463779147,0.464369848
139545488,7,6,0.242217533,0.4608,0.967219089,0.24137931,0.506870135,0.520774584
147227192,8,5,0.232271875,0.6143,0.977388673,0.226817241,0.509921445,0.509753607
1476545316,5,8,0.293442852,0.2368,0.928766112,0.310344828,0.540192035,0.534663467
1485858856,8,5,0.207534375,0.4889,0.913193317,0.203489655,0.448162839,0.441079425
14877082,7,6,0.235503125,0.5114,0.956330472,0.234862069,0.457086283,0.461830847
1572873344,7,6,0.230325,0.3191,0.967603963,0.221606897,0.54060392,0.535292835
157360179,9,4,0.20865625,0.5898,0.93970963,0.195137931,0.517375794,0.530350498
1620320285,7,6,0.1919875,0.4944,0.960068463,0.201844828,0.493810021,0.505931739
1632207882,7,6,0.172325,0.5861,0.944389763,0.159672414,0.477629473,0.471740515
1629792576,4,9,0.261134375,0.2238,0.959946111,0.245510345,0.521947924,0.526451732
1635781234,7,6,0.1706625,0.6059,0.984343563,0.170482759,0.519592401,0.51874546
1636307346,6,7,0.209305342,0.4399,0.968085184,0.223239418,0.522191533,0.521072822
163702792,8,5,0.21195,0.6086,0.940852178,0.210151724,0.469121613,0.472759035
1680924960,4,9,0.25,0.1911,0.943973937,0.24137931,0.510628793,0.508157845
1663312464,7,6,0.1875,0.2549,0.980846897,0.206896552,0.536672135,0.529697883
1664614673,6,7,0.277669271,0.274,0.784745357,0.2831342,0.512188255,0.526232453
1667334156,10,3,0.167928125,0.75,0.947434283,0.161027586,0.445116341,0.455892251
1669598256,9,4,0.185803125,0.6076,0.967522942,0.177796552,0.508230797,0.507984334
1669742856,10,3,0.16941875,0.727,0.949558129,0.146737931,0.494114071,0.488492284
1677816160,7,6,0.230141194,0.4463,0.918960789,0.24137931,0.504253467,0.501536695
1677826832,4,9,0.287724802,0.2433,0.955343873,0.310344828,0.525359551,0.517422597
1678811848,9,4,0.20244375,0.563,0.967168453,0.193813793,0.464438843,0.45376558
1680218256,6,7,0.265636022,0.235,0.974162471,0.283569694,0.536408559,0.543238329
168027520,7,6,0.219840625,0.3636,0.898991429,0.223006897,0.515946864,0.512832203
1681993772,6,7,0.18655,0.4745,0.973578249,0.195875862,0.48142418,0.476190699
1687756929,6,7,0.23086875,0.3904,0.941962285,0.232613793,0.53144001,0.530779762
169284626,5,8,0.257246665,0.3661,0.871214516,0.275862069,0.536040682,0.54935103
1678260231,8,5,0.2122125,0.5422,0.951847934,0.211913793,0.511909469,0.510712158
1746227332,4,9,0.25,0.2434,0.934393085,0.24137931,0.510596465,0.513955495
1726517248,9,4,0.165859375,0.5412,0.971970235,0.172975862,0.542996556,0.552714148
1711838976,8,5,0.2275625,0.4241,0.969906256,0.225424138,0.488139448,0.490901356
1719747608,11,2,0.157853125,0.7227,0.929781139,0.156062069,0.503880779,0.506281067
172593194,5,8,0.242509375,0.3653,0.888739643,0.249562069,0.51401731,0.512107697
1744875797,5,8,0.192016129,0.4053,0.910321038,0.211879867,0.519672573,0.518781374
1745330242,9,4,0.177703125,0.5157,0.935339319,0.181475862,0.527688415,0.544227536
1749446720,8,5,0.218075,0.4993,0.96577177,0.218793103,0.483455801,0.497541942
1761805578,6,7,0.21650625,0.4865,0.758663997,0.200165517,0.477273568,0.472537482
1762723352,9,4,0.181765625,0.6606,0.91370119,0.176255172,0.458850372,0.451212949
1763709524,4,9,0.333188956,0.2456,0.939608267,0.344827586,0.514726866,0.512039511
176535616,8,5,0.2002375,0.501,0.953223869,0.197965517,0.509831073,0.512513792
17921066,8,5,0.208459375,0.5734,0.848271819,0.2171,0.468077355,0.478037523
1778549786,6,7,0.20558125,0.4845,0.793976744,0.195148276,0.472161028,0.472336668
1788873761,6,7,0.256809118,0.3293,0.878993454,0.268898669,0.500157035,0.501424699
182846096,7,6,0.230006467,0.4702,0.97371894,0.24137931,0.51459588,0.529067477
1879364356,6,7,0.299409375,0.2447,0.972621597,0.298603448,0.55837846,0.560447122
1881195096,8,5,0.211775,0.5019,0.960674113,0.210986207,0.471678694,0.483024209
1881738768,5,8,0.231152594,0.4177,0.946199275,0.246694543,0.500588242,0.514082878
2151072005,6,7,0.260314342,0.3063,0.919280294,0.245436548,0.52124262,0.520801085
1892156740,6,7,0.317383521,0.3552,0.966732007,0.324385487,0.534296922,0.544499332
1896138304,7,6,0.248275,0.4609,0.970768746,0.248603448,0.534772475,0.528739852
190009348,5,8,0.228725,0.2454,0.88140729,0.215982759,0.529781616,0.527845512
1910050816,8,5,0.223459375,0.4054,0.936507363,0.222265517,0.558244102,0.567784748
1913131316,5,8,0.239059375,0.3298,0.904858155,0.251255172,0.528772631,0.529084336
1957727232,7,6,0.21474375,0.3947,0.958266146,0.225448276,0.530561336,0.545988146
1972404768,7,6,0.246494031,0.5154,0.973978298,0.244271695,0.524570236,0.527920932
1979975826,5,8,0.33302016,0.2415,0.958321092,0.344827586,0.52269547,0.534176
19997580,6,7,0.24103125,0.5386,0.955265944,0.228951724,0.477755573,0.48305848
2017510434,4,9,0.256982517,0.3464,0.917328489,0.275862069,0.48895091,0.499176998
2014658563,6,7,0.25,0.3917,0.877739956,0.24137931,0.522051803,0.523853911
201615561,5,8,0.2643625,0.5034,0.965368592,0.248572414,0.496628782,0.493689338
201892650,7,6,0.23773125,0.4056,0.960302005,0.231831034,0.497503504,0.499293428
20546612,6,7,0.274103125,0.4083,0.813777401,0.283924138,0.530496848,0.534009417
2113995344,8,5,0.205479542,0.6282,0.953225972,0.197832017,0.50312202,0.502511408
2117077008,6,7,0.264627785,0.3702,0.926138987,0.275862069,0.51355739,0.513813915
2160526865,6,7,0.247745276,0.3794,0.97373321,0.256939005,0.500308776,0.498769224
2147779191,9,4,0.15880625,0.4898,0.971341402,0.16487931,0.471846017,0.468557886
2148323914,8,5,0.226803125,0.6012,0.960168292,0.226617241,0.5056916,0.503263165
2148999345,5,8,0.2501,0.3524,0.964950371,0.25642069,0.515733193,0.5053499
2149483052,8,5,0.220109375,0.5861,0.959692812,0.211906897,0.507495159,0.504467824
2150717664,6,7,0.275950387,0.204,0.906360293,0.275321721,0.504912488,0.5121133
2151851472,6,7,0.255858573,0.2366,0.972525869,0.276605537,0.511909159,0.514399613
2151953297,4,9,0.21875,0.3089,0.957892343,0.24137931,0.533057431,0.523426916
2152217904,6,7,0.238467188,0.3366,0.968309628,0.24137931,0.496414333,0.498267798
2153273444,6,7,0.250812663,0.2624,0.957314531,0.258575853,0.496597391,0.507561097
2156169571,5,8,0.259884393,0.2358,0.952615181,0.275862069,0.508883935,0.508330323
2156235592,10,3,0.16608125,0.6543,0.979656516,0.15592069,0.493403974,0.490444867
2156479208,8,5,0.213775,0.5044,0.976001672,0.210386207,0.4754128,0.488866164
21579346,6,7,0.277464958,0.3576,0.960037796,0.278511183,0.502751658,0.504043209
2168475679,7,6,0.2202375,0.4039,0.958796921,0.222975862,0.45849218,0.457823251
2160599658,5,8,0.286928125,0.3515,0.965926955,0.28382069,0.481277517,0.483337969
2160662542,9,4,0.2034625,0.58,0.946825027,0.180206897,0.461658945,0.469266174
2161398530,6,7,0.2516125,0.2342,0.96651204,0.24137931,0.514546807,0.510869886
2162442569,6,7,0.18496875,0.5087,0.969366305,0.157803448,0.441594995,0.433085567
2164864648,9,4,0.18124375,0.6473,0.980447162,0.169313793,0.460152676,0.468660531
2165393282,9,4,0.1692375,0.6424,0.971357381,0.1732,0.495299495,0.4969414
2165965612,6,7,0.267846844,0.3487,0.960054586,0.275862069,0.493551762,0.496213186
2166955272,6,7,0.232,0.4647,0.862047298,0.2302,0.473725014,0.473383881
2167648288,5,8,0.271488447,0.2466,0.878005635,0.275862069,0.500130732,0.511511973
2173192754,8,5,0.197896875,0.5872,0.982867892,0.199141379,0.520990877,0.526123844
2173711584,6,7,0.272992788,0.3441,0.969221098,0.275862069,0.482612127,0.494761189
2174156822,7,6,0.24131844,0.5436,0.946059228,0.238008815,0.511344355,0.496428896
2176849219,6,7,0.298515625,0.2274,0.961769394,0.297565517,0.512226968,0.517032568
2179088496,5,8,0.20761875,0.4049,0.969192894,0.2212,0.54018877,0.546639152
2189709513,6,7,0.216546875,0.4588,0.966614918,0.2199,0.482572848,0.489138426
2181193089,5,8,0.25026875,0.3309,0.944248664,0.256668966,0.505084226,0.503331814
2182369896,6,7,0.2322875,0.405,0.958094524,0.241882759,0.450488714,0.457339091
2183662056,7,6,0.231325,0.4401,0.954771045,0.231327586,0.44187143,0.434331393
2195986948,8,5,0.2178625,0.3887,0.978776428,0.214117241,0.4922349,0.501635074
2197959876,8,5,0.163728125,0.3559,0.974095568,0.172413793,0.583469529,0.592215375
2198542472,8,5,0.2069125,0.5565,0.923430568,0.187855172,0.465954072,0.456031783
2198886425,8,5,0.2225375,0.4683,0.813899165,0.206844828,0.496451496,0.484356431
2199144848,7,6,0.240088372,0.4568,0.956078204,0.23647033,0.515397285,0.518490142
2200143424,6,7,0.236785979,0.3423,0.94588034,0.254937072,0.508492145,0.500729863
2201780236,7,6,0.288592778,0.4943,0.879869573,0.285120225,0.466998822,0.466258608
220279818,8,5,0.24769375,0.5646,0.929629112,0.232910345,0.493892707,0.501552564
2214707820,7,6,0.1697375,0.568,0.95146993,0.169875862,0.437542458,0.445316861
22107654,5,8,0.2286375,0.3156,0.961417995,0.246562069,0.489381089,0.491004349
2206794371,8,5,0.223865625,0.5373,0.953424172,0.210224138,0.525163473,0.513100973
2214733855,6,7,0.231896875,0.407,0.94545,0.241458621,0.477111472,0.47666746
2214855642,9,4,0.16598125,0.5965,0.978115978,0.168448276,0.499807402,0.498435888
2214880341,8,5,0.179899163,0.4226,0.987672346,0.186658269,0.527156912,0.513716872
2215567456,6,7,0.214511431,0.4365,0.965861436,0.231744756,0.52212731,0.5101352
2216172076,9,4,0.20870625,0.4992,0.97058229,0.195941379,0.430452161,0.435531847
2216189064,7,6,0.209296875,0.5406,0.966333581,0.200355172,0.455018569,0.462008339
2216468998,8,5,0.238471875,0.4027,0.94785265,0.228355172,0.513047842,0.502545322
2216969010,7,6,0.251471875,0.3616,0.987389369,0.247993103,0.525888368,0.52392999
2217156689,5,8,0.263427562,0.3016,0.959382078,0.283895861,0.513140627,0.502574684
2218131672,6,7,0.202140625,0.4325,0.948943467,0.199296552,0.484723496,0.48056046
2219975489,6,7,0.279228125,0.2049,0.964825802,0.298913793,0.500414236,0.502552874
2220384418,6,7,0.262123757,0.2042,0.975317954,0.275862069,0.51058941,0.513391255
2222996549,9,4,0.18613125,0.6271,0.970092745,0.178431034,0.505583223,0.507861825
2223137833,8,5,0.237259375,0.4581,0.950106112,0.227962069,0.440834531,0.440612856
2222229120,7,6,0.228209375,0.4053,0.959517488,0.228944828,0.473143131,0.468600725
2223408401,9,4,0.187628432,0.4858,0.966122578,0.185769272,0.514359067,0.515300946
2223669638,9,4,0.193728125,0.6414,0.980101172,0.177610345,0.488880164,0.500446155
2225213844,4,9,0.300222738,0.2277,0.968509083,0.310344828,0.503575399,0.513544349
2231504720,6,7,0.225932436,0.2864,0.973388372,0.214821999,0.510271111,0.513536557
2233608206,6,7,0.25460625,0.4614,0.945800487,0.238982759,0.487443845,0.495309815
2233730164,8,5,0.223015625,0.4949,0.974901056,0.209182759,0.54483463,0.536039239
2235191297,7,6,0.259071875,0.2755,0.937579186,0.257289655,0.523194105,0.529725744
2236270596,8,5,0.213271875,0.4439,0.989426154,0.200655172,0.535014844,0.539055134
2242117833,6,7,0.195628125,0.4604,0.962583607,0.178089655,0.457831357,0.443015854
227663874,7,6,0.246203125,0.4041,0.93189716,0.248986207,0.529245971,0.539428897
2257342977,7,6,0.203346875,0.4332,0.974390378,0.203386207,0.500535603,0.513919948
2269200658,7,6,0.214304846,0.384,0.963044326,0.223356428,0.53150308,0.519353243
2270169200,8,5,0.212671875,0.4942,0.965145595,0.207655172,0.503591517,0.488500187
2282308693,9,4,0.166928181,0.7612,0.706959793,0.176312764,0.52669237,0.545217414
2282408528,10,3,0.173246951,0.6046,0.965574538,0.180756939,0.523927604,0.543732759
2282186770,6,7,0.225781749,0.4772,0.941738794,0.24137931,0.556746763,0.548809269
228630626,6,7,0.248226548,0.2602,0.959288625,0.250620676,0.546480568,0.557724447
2282577958,7,6,0.186368298,0.3469,0.959208137,0.2025795,0.5671873,0.559755922
2283319944,8,5,0.160846875,0.6698,0.96381751,0.137968966,0.477367121,0.478376496
2298488532,7,6,0.254771655,0.344,0.974801405,0.2537543,0.520251164,0.533199665
2298878256,9,4,0.207315625,0.4936,0.934738739,0.194858621,0.512283782,0.5008354
2299560597,8,5,0.174196886,0.6047,0.975350398,0.18162913,0.524351367,0.529394219
2300187778,5,8,0.2523,0.2578,0.928864165,0.269937931,0.514121922,0.518403614
2307201029,6,7,0.2171875,0.3737,0.948319138,0.214610345,0.557787502,0.551598228
2315692576,8,5,0.223126536,0.4989,0.967703663,0.218151839,0.518635874,0.523574984
2318147843,7,6,0.240340625,0.2633,0.864074953,0.246451724,0.528879896,0.534717356
2320110628,6,7,0.26213424,0.2137,0.936807539,0.275862069,0.532873073,0.533796552
2329215168,4,9,0.274346875,0.2553,0.936717497,0.275862069,0.509827505,0.520587245
23298573,7,6,0.249113056,0.5564,0.957998988,0.24137931,0.464556479,0.464299407
2341470628,8,5,0.196170747,0.6358,0.941964227,0.209515769,0.550519726,0.53823111
2351138884,8,5,0.16400625,0.3597,0.946307519,0.172413793,0.523896653,0.538194683
2357792902,8,5,0.219396875,0.4163,0.949144373,0.203648276,0.500493818,0.510575152
2358395153,5,8,0.259695782,0.2385,0.946192505,0.275862069,0.522347407,0.534103751
2400217120,7,6,0.210236957,0.3974,0.946789249,0.200625565,0.485014937,0.480843179
2365592468,7,6,0.271924496,0.3905,0.980302023,0.275862069,0.510462199,0.514630996
2383429961,6,7,0.203809375,0.5196,0.918493074,0.19927931,0.505131251,0.503529104
2383448356,7,6,0.211227704,0.4385,0.957058338,0.221319384,0.530999432,0.532524165
2383949872,8,5,0.211115625,0.5577,0.955620835,0.217448276,0.524274167,0.50985481
2399675140,5,8,0.2553,0.3161,0.95308276,0.256506897,0.520798058,0.520630175
2404550656,7,6,0.247065625,0.3825,0.955554797,0.248189655,0.532758996,0.524959257
2416711943,6,7,0.299225,0.2462,0.94631052,0.298227586,0.492377376,0.494735276
2417402241,5,8,0.250296875,0.3811,0.958702701,0.254848276,0.503176363,0.511908877
2418180683,7,6,0.180340625,0.5573,0.943001668,0.184055172,0.483128828,0.472475899
2421196450,5,8,0.259953997,0.2484,0.969560265,0.275862069,0.51217113,0.505823558
2424858242,6,7,0.279565625,0.2863,0.968812997,0.297841379,0.504355561,0.501935439
2425436292,7,6,0.203675,0.4146,0.959543187,0.212882759,0.529447257,0.53193504
2425799170,7,6,0.248090625,0.4928,0.968201723,0.249031034,0.52883822,0.534079282
2450020874,8,5,0.219765625,0.5534,0.963680038,0.192758621,0.453150665,0.454658773
2450532684,7,6,0.2261125,0.5611,0.879970028,0.206896552,0.506076313,0.510125956
24521218,6,7,0.23169375,0.4462,0.979357414,0.233906897,0.511857051,0.510720406
24612865,8,5,0.219740625,0.4881,0.973770084,0.222182759,0.505647899,0.496567348
2459832322,6,7,0.2178875,0.4308,0.908599366,0.214268966,0.505348136,0.497974443
2462113826,6,7,0.254631552,0.2692,0.970726451,0.275743965,0.509463078,0.516918697
2467562824,7,6,0.245488087,0.5608,0.937338879,0.24137931,0.505936487,0.50506639
2467597316,4,9,0.22695,0.34,0.937650485,0.24137931,0.517614621,0.519657224
252379908,6,7,0.238912097,0.298,0.933962974,0.24137931,0.519231811,0.514163946
2485418016,8,5,0.202369235,0.3363,0.963213494,0.206896552,0.460218021,0.466078697
2487575553,6,7,0.251221875,0.2856,0.952873539,0.24137931,0.51404419,0.517051192
2491624576,7,6,0.248715625,0.2826,0.950962924,0.257351724,0.526946487,0.526471047
2499834752,6,7,0.2061875,0.4845,0.985061344,0.2021,0.513532803,0.502516678
2466251295,7,6,0.2220875,0.516,0.96382777,0.2302,0.498624725,0.50846025
2483947788,9,4,0.184671875,0.6905,0.963057869,0.169958621,0.483183209,0.484628264
2500071596,5,8,0.28173125,0.3232,0.975211046,0.284344828,0.452428549,0.450352384
2500400260,8,5,0.227875,0.4247,0.959011849,0.225227586,0.510727459,0.50901084
2505052930,6,7,0.25086875,0.2671,0.960149939,0.24137931,0.531120818,0.529533357
2516597060,7,6,0.2541625,0.4133,0.956371538,0.243341379,0.524518253,0.53676591
2516656709,7,6,0.21588125,0.4836,0.957175471,0.204217241,0.505771456,0.516687418
2517207076,7,6,0.22119372,0.4723,0.935937273,0.220776037,0.500764121,0.502394174
2519204038,6,7,0.24221875,0.3341,0.916844702,0.248944828,0.494989074,0.493847059
2521039568,5,8,0.25,0.1799,0.952136579,0.24137931,0.527196296,0.522159951
2550457354,6,7,0.231728125,0.5003,0.919514524,0.215817241,0.537881761,0.546472265
2550538515,7,6,0.232755441,0.3293,0.918588871,0.250435645,0.53312001,0.54534027
2551883904,7,6,0.252675,0.3127,0.941628291,0.243296552,0.541665203,0.542807894
2554348652,7,6,0.24891875,0.5051,0.926618211,0.24827931,0.504992463,0.497863619
2554385928,9,4,0.2058,0.6493,0.966597433,0.192651724,0.482523452,0.473673986
2554421300,6,7,0.225040625,0.3981,0.93247539,0.230017241,0.518605221,0.518015468
2558545186,6,7,0.273062597,0.3532,0.868023311,0.275862069,0.538529226,0.532646279
2568069636,6,7,0.230953125,0.4133,0.913627812,0.233231034,0.539230702,0.534153778
2572320848,4,9,0.257298417,0.272,0.923963337,0.275862069,0.528601156,0.530538967
2584503328,7,6,0.228117628,0.3278,0.91732251,0.220655867,0.531249807,0.531475185
261161016,9,4,0.174134375,0.714,0.935850708,0.17032069,0.487484157,0.473213778
268582128,4,9,0.1875,0.3288,0.962887849,0.206896552,0.49447467,0.493367536
2643493504,7,6,0.25765625,0.424,0.972674194,0.249410345,0.537635424,0.539148376
2684559947,6,7,0.181046875,0.5381,0.930849383,0.184737931,0.517586843,0.514541516
2684901958,5,8,0.2640125,0.3601,0.952557122,0.276386207,0.524143805,0.516725372
2686228485,4,9,0.31640625,0.3113,0.93479815,0.314624138,0.513236173,0.517939952
268703578,5,8,0.19671875,0.3139,0.961779024,0.215217241,0.474355159,0.476132816
269185121,7,6,0.224795604,0.4363,0.830081355,0.24129876,0.498835363,0.496512031
282281536,7,6,0.25,0.3838,0.957864941,0.248196552,0.500419768,0.490160761
269621714,4,9,0.265472302,0.259,0.923270188,0.275862069,0.520516152,0.512712297
2701345315,6,7,0.266350784,0.3589,0.934338468,0.275862069,0.517373584,0.517268281
270161473,7,6,0.220103125,0.3514,0.944702189,0.2231,0.478264413,0.468131828
2720923729,4,9,0.274195739,0.3443,0.913101076,0.275862069,0.536749501,0.529256033
2726309032,6,7,0.2990625,0.3494,0.973092242,0.298382759,0.491562391,0.496469912
2726318536,6,7,0.206515625,0.5442,0.962749794,0.20872069,0.501629082,0.505781137
273213484,8,5,0.21539375,0.4567,0.980030382,0.222362069,0.457036167,0.449536646
2734785049,7,6,0.24673125,0.4977,0.931075667,0.257551724,0.489191916,0.500021601
2743076528,6,7,0.243440625,0.4197,0.980471871,0.249841379,0.486732423,0.496854075
274755854,10,3,0.175928125,0.6882,0.973832623,0.158031034,0.495814018,0.494344566
2753606032,7,6,0.225919802,0.436,0.97873475,0.24137931,0.509793698,0.509396553
2754479624,9,4,0.190325,0.6832,0.974719688,0.176324138,0.49878565,0.499574594
2756224516,8,5,0.220184375,0.4099,0.977964563,0.216468966,0.546801456,0.545645914
2759920450,6,7,0.204278125,0.4225,0.957303847,0.200968966,0.545209865,0.537677585
276432134,6,7,0.291128125,0.3116,0.929945581,0.28997931,0.527116322,0.518704721
2776974400,7,6,0.225690625,0.4267,0.961651749,0.235044828,0.519509085,0.53124908
277820672,7,6,0.2532625,0.4397,0.965201774,0.242393103,0.494676957,0.506665227
2785706276,6,7,0.268450689,0.2925,0.931375664,0.275862069,0.52703528,0.531106949
279077452,5,8,0.2321,0.4324,0.965250248,0.206896552,0.461821248,0.454418703
2802679824,7,6,0.205007352,0.4535,0.962249047,0.215702052,0.541600207,0.543718752
2814414912,6,7,0.230078125,0.3653,0.973813325,0.230403448,0.521519179,0.532703043
2819035920,4,9,0.324140498,0.2598,0.944650164,0.344827586,0.511375603,0.514232195
2819766277,7,6,0.231065625,0.4035,0.835625552,0.231296552,0.539668682,0.543451557
2821032576,6,7,0.295004574,0.3058,0.953682252,0.310344828,0.497268278,0.497686679
2821840960,5,8,0.283440625,0.2909,0.729210267,0.285862069,0.508941804,0.506872713
2827242625,7,6,0.25824375,0.3431,0.957833898,0.252013793,0.518045389,0.519429507
283509073,5,8,0.247579966,0.4315,0.975294503,0.247126437,0.504143446,0.507153303
2858532865,8,5,0.204415625,0.5493,0.889740764,0.199134483,0.499022039,0.502543521
285869772,7,6,0.246024816,0.5448,0.97831176,0.24137931,0.475035646,0.470643024
287337312,5,8,0.258304812,0.1676,0.97970118,0.275862069,0.527300237,0.522176459
2954245632,9,4,0.171665625,0.6253,0.979362743,0.162144828,0.515129394,0.500149472
294159026,8,5,0.203553125,0.5358,0.985595971,0.209789655,0.52204433,0.521449476
2954657896,5,8,0.228634375,0.4199,0.900752917,0.219689655,0.505895108,0.504183321
295919634,6,7,0.253377859,0.194,0.894369579,0.27476227,0.517924829,0.510503317
2986461280,7,6,0.233546517,0.4763,0.76826328,0.237729306,0.498208843,0.49624262
298845073,6,7,0.272395497,0.347,0.976841007,0.271500643,0.517189599,0.517497774
298353776,8,5,0.19061875,0.5264,0.977653131,0.195706897,0.508456184,0.5067037
2964590602,6,7,0.18060625,0.5229,0.94547899,0.184086207,0.500717536,0.493183124
2970229008,5,8,0.257889664,0.1828,0.877097019,0.275862069,0.510552429,0.514817493
2977235072,6,7,0.238351806,0.3363,0.957566519,0.24137931,0.522998518,0.51279961
2979267728,8,5,0.1875,0.3606,0.975420674,0.172413793,0.553650796,0.541446957
2986959888,8,5,0.210574128,0.4953,0.826089784,0.20322322,0.52352174,0.510213692
2987432001,9,4,0.1980375,0.5275,0.755980778,0.194793103,0.515358575,0.513995134
2991654978,8,5,0.211521875,0.4757,0.864987031,0.210382759,0.530508387,0.532424286
2991988864,5,8,0.256446875,0.314,0.957136821,0.257344828,0.533124133,0.539606493
300482946,9,4,0.16596875,0.6679,0.965804533,0.167168966,0.534035935,0.535478856
3071492096,9,4,0.17001875,0.612,0.85142232,0.152124138,0.546409064,0.533924381
308305978,9,4,0.20388125,0.6627,0.97431835,0.193813793,0.474049679,0.483396133
309006372,5,8,0.271319461,0.3159,0.926811532,0.275862069,0.494438229,0.496849143
3095544097,6,7,0.278062183,0.3011,0.836100933,0.2837394,0.500507925,0.513338295
310399164,6,7,0.25061875,0.5124,0.974419536,0.250603448,0.465341296,0.466414517
3108766016,5,8,0.2179,0.2922,0.945238916,0.220582759,0.533064187,0.522932259
311723553,6,7,0.244601228,0.3555,0.962043561,0.237930367,0.510507882,0.49857445
3146792964,9,4,0.18529375,0.6685,0.790172457,0.183427586,0.539349839,0.524310694
31532116,7,6,0.212417483,0.4027,0.969312523,0.221802761,0.511743059,0.524395914
3171287060,8,5,0.209558824,0.6317,0.963117182,0.20294881,0.53485693,0.520841394
322110500,6,7,0.244666952,0.2864,0.66278593,0.254616705,0.48810302,0.499668095
321135658,5,8,0.268346875,0.3157,0.955612065,0.284503448,0.476056334,0.465038756
323563778,7,6,0.234315625,0.3832,0.926100692,0.230065517,0.517640002,0.520669208
3222615074,7,6,0.238336407,0.4634,0.945033043,0.24137931,0.518623824,0.505455322
3223872044,6,7,0.210875,0.3984,0.970385176,0.221706897,0.476933194,0.47692204
3224400389,8,5,0.21740625,0.4667,0.96726764,0.203944828,0.514853361,0.517927068
3225239558,7,6,0.246903125,0.4003,0.9163087,0.248155172,0.491514169,0.488214849
3225978648,8,5,0.209803125,0.5202,0.986843717,0.205348276,0.443267471,0.449887723
3226141315,7,6,0.251171875,0.3424,0.938096783,0.247837931,0.526241682,0.538337406
3227156620,8,5,0.25114375,0.5123,0.935463519,0.235644828,0.464084866,0.470026745
3230484994,8,5,0.204634375,0.5292,0.978589737,0.199851724,0.480008406,0.475536136
3230778176,8,5,0.211521875,0.4463,0.944644369,0.210837931,0.524109609,0.540568179
3232011276,8,5,0.218984375,0.5846,0.966083365,0.215941379,0.508412655,0.506146776
3235120449,7,6,0.227809375,0.3376,0.982713462,0.2377,0.529936071,0.530515037
3235157504,7,6,0.2289625,0.3363,0.978582932,0.240027586,0.506890809,0.503906946
3238036811,10,3,0.1618875,0.7115,0.890815039,0.135810345,0.488494702,0.492083701
3239057610,7,6,0.212340625,0.5185,0.947732308,0.200344828,0.501890718,0.504309632
3239779328,7,6,0.202425,0.442,0.77338991,0.207889655,0.497851369,0.500407006
3238709257,10,3,0.1701125,0.7531,0.883060308,0.145334483,0.465192545,0.464881791
3240690729,11,2,0.154278125,0.6736,0.832427779,0.142972414,0.506889583,0.508332117
3242340434,6,7,0.271477565,0.303,0.958411868,0.270337487,0.499554549,0.51074936
3246526487,7,6,0.230519991,0.3174,0.913526162,0.237915544,0.505168284,0.508166905
3247443218,7,6,0.234267833,0.4431,0.878656674,0.229283653,0.516721529,0.520356687
3248554565,7,6,0.169396875,0.5277,0.949200943,0.169075862,0.504020842,0.507135658
3254791749,7,6,0.213434375,0.5183,0.966120216,0.203793103,0.518722511,0.507016983
3255607369,7,6,0.205828125,0.5308,0.906481984,0.197431034,0.460812803,0.460877349
3256912409,9,4,0.17716875,0.6435,0.973529505,0.160262069,0.467830577,0.462263139
3259817985,5,8,0.252896875,0.2758,0.960106711,0.242644828,0.519611198,0.523580019
3271572004,10,3,0.173625084,0.6416,0.986108173,0.181398737,0.509833483,0.507846702
3288355893,8,5,0.228084375,0.5031,0.919829912,0.226982759,0.488290064,0.498716995
3288625283,7,6,0.233665625,0.3879,0.972323081,0.229296552,0.524275233,0.513649119
3292541322,8,5,0.222675,0.6179,0.968930119,0.220444828,0.476639577,0.475588456
WT,11,2,0.133240625,0.6823,0,0.133634483,0.537350807,0.539934383
