"plast","plast_2","JSD","pos_cycle","network","JSD_id"
0.2057,0.2959,0.0501966940359239,2,"Randomization/GRHL2",-3
0.2094,0.297,0.489383177436677,2,"Randomization/GRHL2",-1
0.4431,0.5348,0.000887588475584564,3,"Randomization/GRHL2",-8
0.4255,0.5293,0.00013593960595818,3,"Randomization/GRHL2",-9
0.15,0.2454,0.483255600323682,2,"Randomization/GRHL2",-1
0.0333,0.0541,0.1432564272449,1,"Randomization/GRHL2",-2
0.0294,0.0487,0.140794041751891,1,"Randomization/GRHL2",-2
0.0319,0.0555,0.378507261500886,1,"Randomization/GRHL2",-1
0.0275,0.0506,0.373215739560597,1,"Randomization/GRHL2",-1
0.1404,0.2029,0.0799788962291123,2,"Randomization/GRHL2",-3
0.0444,0.206,0.419304213862525,2,"Randomization/GRHL2",-1
0.0816,0.3131,0.309912236927327,2,"Randomization/GRHL2",-2
0,0,0.273207050184699,0,"Randomization/GRHL2",-2
0,0,0.261771892811033,0,"Randomization/GRHL2",-2
0.013,0.0616,0.232151226229585,1,"Randomization/GRHL2",-2
0.0129,0.06,0.22155791997824,1,"Randomization/GRHL2",-2
0.1924,0.2885,0.0590395490894604,2,"Randomization/GRHL2",-3
0,0,0.272489931045796,0,"Randomization/GRHL2",-2
0,0,0.316763063318304,0,"Randomization/GRHL2",-2
0.0267,0.0684,0.168727487872504,1,"Randomization/GRHL2",-2
0.0227,0.0637,0.17277834153579,1,"Randomization/GRHL2",-2
0.4354,0.5396,0,3,"Randomization/GRHL2",-Inf
0.0085,0.0536,0.258712435960024,1,"Randomization/GRHL2act",-2
0,0,0.192992827244476,0,"Randomization/GRHL2act",-2
0,0,0.194886810820828,0,"Randomization/GRHL2act",-2
0.0267,0.2082,0.250819453184045,1,"Randomization/GRHL2act",-2
0,0,0.203875654109482,0,"Randomization/GRHL2act",-2
0,0,0.22270248622828,0,"Randomization/GRHL2act",-2
0.0319,0.2343,0.198617111103532,1,"Randomization/GRHL2act",-2
0.0038,0.0212,0.226726580014264,1,"Randomization/GRHL2act",-2
0.0686,0.3551,0.178277769898805,2,"Randomization/GRHL2act",-2
0.0648,0.3657,0.177396467117637,2,"Randomization/GRHL2act",-2
0.0474,0.1133,0.130705582436887,1,"Randomization/GRHL2act",-3
0.0473,0.1096,0.264925265267206,1,"Randomization/GRHL2act",-2
0.1485,0.2464,0.0688561551892294,2,"Randomization/GRHL2act",-3
0.1393,0.244,0.0633409676959374,2,"Randomization/GRHL2act",-3
0.3,0.5183,0.0498474173347173,3,"Randomization/GRHL2act",-3
0.0166,0.0509,0.288634090572413,1,"Randomization/GRHL2act",-2
0,0,0.206333581333416,0,"Randomization/GRHL2act",-2
0,0,0.20019879275922,0,"Randomization/GRHL2act",-2
0.0382,0.2002,0.269792591038516,1,"Randomization/GRHL2act",-2
0,0,0.233080013673046,0,"Randomization/GRHL2act",-2
0,0,0.230756057653064,0,"Randomization/GRHL2act",-2
0.0399,0.2363,0.209858079794515,1,"Randomization/GRHL2act",-2
0.0076,0.0219,0.189102451570329,1,"Randomization/GRHL2act",-2
0.1181,0.3736,0.121955622800741,2,"Randomization/GRHL2act",-3
0.106,0.3719,0.122996002821816,2,"Randomization/GRHL2act",-3
0.4215,0.5322,0.319545324110615,3,"Randomization/GRHL2act",-2
0.2241,0.2932,0.032407640288225,2,"Randomization/GRHL2act",-4
0.2101,0.2899,0.0293599364628623,2,"Randomization/GRHL2act",-4
0.2151,0.4431,0.0798321624029102,3,"Randomization/GRHL2act",-3
0.222,0.2954,0.267224021330756,2,"Randomization/GRHL2act",-2
0.2096,0.286,0.264517793710677,2,"Randomization/GRHL2act",-2
0.2391,0.4415,0.225671171007269,3,"Randomization/GRHL2act",-2
0.4252,0.5203,0.0181481864967502,3,"Randomization/GRHL2act",-5
0.5002,0.6767,0.00202112308143326,4,"Randomization/GRHL2act",-7
0.49,0.6841,6.73278654293445e-05,4,"Randomization/GRHL2act",-10
0.1067,0.1645,0.271387191094595,2,"Randomization/GRHL2act",-2
0.1025,0.1656,0.259376914916552,2,"Randomization/GRHL2act",-2
0.2392,0.4898,0.384894742965156,3,"Randomization/GRHL2act",-1
0.0431,0.067,0.150220868724878,1,"Randomization/GRHL2act",-2
0.0825,0.2454,0.152942553248315,2,"Randomization/GRHL2act",-2
0.07,0.2351,0.148884831577562,2,"Randomization/GRHL2act",-2
0.0407,0.0648,0.221304885397431,1,"Randomization/GRHL2act",-2
0.0712,0.2602,0.189258518781715,2,"Randomization/GRHL2act",-2
0.067,0.2632,0.181046861649216,2,"Randomization/GRHL2act",-2
0.2544,0.4796,0.0492707430464438,3,"Randomization/GRHL2act",-4
0.1095,0.4609,0.429716294088719,3,"Randomization/GRHL2act",-1
0.0161,0.083,0.326924996551762,1,"Randomization/GRHL2act",-2
0.0127,0.0769,0.320631715758968,1,"Randomization/GRHL2act",-2
0.0381,0.1723,0.325210279429222,2,"Randomization/GRHL2act",-2
0.026,0.1583,0.316809568671201,2,"Randomization/GRHL2act",-2
0.0947,0.4694,0.356502965999246,3,"Randomization/GRHL2act",-2
0.0339,0.1264,0.247119696724631,1,"Randomization/GRHL2act",-2
0.0288,0.1119,0.298091898168349,1,"Randomization/GRHL2act",-2
0.05,0.202,0.234027616592616,2,"Randomization/GRHL2act",-2
0.0485,0.2077,0.225539689330372,2,"Randomization/GRHL2act",-2
0.138,0.5506,0.270636850738525,3,"Randomization/GRHL2act",-2
0.4888,0.6905,0,4,"Randomization/GRHL2act",-Inf
0.1377,0.2835,0.23033235039867,5,"Randomization/NRF2",-2
0.2588,0.3646,0.194531875625144,7,"Randomization/NRF2",-2
0.1568,0.3427,0.455318138810662,6,"Randomization/NRF2",-1
0.0748,0.2766,0.395076212065868,7,"Randomization/NRF2",-1
0.0631,0.2431,0.497097341806523,6,"Randomization/NRF2",-1
0.4684,0.677,0.175910430446011,7,"Randomization/NRF2",-2
0.1644,0.3268,0.419974746364465,6,"Randomization/NRF2",-1
0.0771,0.225,0.514719845192819,5,"Randomization/NRF2",-1
0.1644,0.3468,0.311747329290685,6,"Randomization/NRF2",-2
0.1718,0.3313,0.235412510789628,6,"Randomization/NRF2",-2
0.173,0.3495,0.305994886581382,6,"Randomization/NRF2",-2
0.0696,0.2198,0.356873136018424,5,"Randomization/NRF2",-2
0.1716,0.3545,0.259025810179516,6,"Randomization/NRF2",-2
0.1721,0.3308,0.100028195431306,5,"Randomization/NRF2",-3
0.2886,0.3885,0.292539928124152,7,"Randomization/NRF2",-2
0.1642,0.3842,0.447077376561542,6,"Randomization/NRF2",-1
0.0815,0.3215,0.415867333605996,7,"Randomization/NRF2",-1
0.0857,0.2997,0.432846029526551,6,"Randomization/NRF2",-1
0.4518,0.7069,0.145376143281459,7,"Randomization/NRF2",-2
0.1808,0.384,0.379493065861309,6,"Randomization/NRF2",-1
0.0962,0.2689,0.413730671882928,5,"Randomization/NRF2",-1
0.151,0.3707,0.298191682023389,6,"Randomization/NRF2",-2
0.1778,0.3681,0.182946450241937,6,"Randomization/NRF2",-2
0.1836,0.397,0.253017449343809,6,"Randomization/NRF2",-2
0.0885,0.2744,0.316884987590433,5,"Randomization/NRF2",-2
0.1773,0.3908,0.223009556983011,6,"Randomization/NRF2",-2
0.1478,0.2288,0.191458894329172,5,"Randomization/NRF2",-2
0.0884,0.1899,0.427639695805043,2,"Randomization/NRF2",-1
0.0311,0.1187,0.284558153895906,5,"Randomization/NRF2",-2
0.0287,0.1049,0.33577893297622,2,"Randomization/NRF2",-2
0.3267,0.4822,0.0551024178858306,5,"Randomization/NRF2",-3
0.2149,0.2944,0.339204979851266,6,"Randomization/NRF2",-2
0.0791,0.149,0.470425001217117,5,"Randomization/NRF2",-1
0.0895,0.1987,0.224587061327481,2,"Randomization/NRF2",-2
0.1214,0.2138,0.132815851428286,4,"Randomization/NRF2",-3
0.175,0.2634,0.199009842791432,6,"Randomization/NRF2",-2
0.0505,0.111,0.220329698557588,3,"Randomization/NRF2",-2
0.1055,0.2054,0.132392103879486,4,"Randomization/NRF2",-3
0.2798,0.3478,0.523885376004756,8,"Randomization/NRF2",-1
0.0522,0.1286,0.308317869111551,3,"Randomization/NRF2",-2
0.0557,0.1747,0.331213999408689,6,"Randomization/NRF2",-2
0.5671,0.6354,0.118990543223096,7,"Randomization/NRF2",-3
0.1278,0.229,0.404131268239374,4,"Randomization/NRF2",-1
0.0579,0.1311,0.477059699083682,3,"Randomization/NRF2",-1
0.2821,0.3468,0.280974768505279,8,"Randomization/NRF2",-2
0.1966,0.2794,0.193726073940458,6,"Randomization/NRF2",-2
0.1464,0.2471,0.224101457089907,4,"Randomization/NRF2",-2
0.0766,0.1408,0.273600093733296,5,"Randomization/NRF2",-2
0.2122,0.2887,0.17090431589695,6,"Randomization/NRF2",-2
0.0515,0.1504,0.380420246154546,6,"Randomization/NRF2",-1
0.0296,0.1238,0.485713140481379,3,"Randomization/NRF2",-1
0.4636,0.6331,0.373433214526327,6,"Randomization/NRF2",-1
0.146,0.2377,0.563437397273554,5,"Randomization/NRF2",-1
0.0446,0.1001,0.558287434041103,4,"Randomization/NRF2",-1
0.1476,0.2605,0.451136992095939,5,"Randomization/NRF2",-1
0.1488,0.2445,0.456966805987557,5,"Randomization/NRF2",-1
0.142,0.2405,0.44953307162156,5,"Randomization/NRF2",-1
0.0432,0.1017,0.477852027213609,4,"Randomization/NRF2",-1
0.1496,0.2707,0.434843433106824,5,"Randomization/NRF2",-1
0.0749,0.357,0.596164415792704,8,"Randomization/NRF2",-1
0.2295,0.4006,0.203968392516623,7,"Randomization/NRF2",-2
0.0335,0.113,0.437965924551878,4,"Randomization/NRF2",-1
0.0134,0.0542,0.456678554027337,3,"Randomization/NRF2",-1
0.0468,0.1493,0.371692803917518,6,"Randomization/NRF2",-1
0.0392,0.1189,0.314599909324091,4,"Randomization/NRF2",-2
0.0348,0.121,0.356002432524037,4,"Randomization/NRF2",-2
0.0163,0.0707,0.425323001963048,5,"Randomization/NRF2",-1
0.0447,0.1496,0.34271643210566,6,"Randomization/NRF2",-2
0.1026,0.4014,0.47809836857165,6,"Randomization/NRF2",-1
0.0396,0.1296,0.424759256568255,5,"Randomization/NRF2",-1
0.0191,0.0536,0.396496928843499,4,"Randomization/NRF2",-1
0.0308,0.1259,0.428144145751713,3,"Randomization/NRF2",-1
0.0286,0.1117,0.372732943361737,3,"Randomization/NRF2",-1
0.0303,0.1213,0.40148982263088,5,"Randomization/NRF2",-1
0.0165,0.0609,0.39211384161807,4,"Randomization/NRF2",-1
0.0361,0.1323,0.407201593481233,5,"Randomization/NRF2",-1
0.4804,0.5932,0.389812096798662,6,"Randomization/NRF2",-1
0.2291,0.3481,0.560448172534335,5,"Randomization/NRF2",-1
0.4436,0.6374,0.197047316395635,6,"Randomization/NRF2",-2
0.4664,0.6155,0.0894308659454416,6,"Randomization/NRF2",-3
0.4699,0.6151,0.159462810736479,6,"Randomization/NRF2",-2
0.2125,0.3612,0.140252265006897,5,"Randomization/NRF2",-2
0.462,0.635,0.0970821941645648,6,"Randomization/NRF2",-3
0.0562,0.1183,0.450886281966305,4,"Randomization/NRF2",-1
0.1448,0.2407,0.437630470946318,5,"Randomization/NRF2",-1
0.1522,0.2352,0.369194962363548,5,"Randomization/NRF2",-1
0.1569,0.2496,0.383227021373403,5,"Randomization/NRF2",-1
0.049,0.1086,0.381941665451307,4,"Randomization/NRF2",-1
0.1478,0.2425,0.377238770748879,5,"Randomization/NRF2",-1
0.0454,0.1056,0.478314004977815,4,"Randomization/NRF2",-1
0.0494,0.115,0.453069217082741,4,"Randomization/NRF2",-1
0.0491,0.1152,0.445119893480513,4,"Randomization/NRF2",-1
0.1741,0.3022,0.564843036811284,5,"Randomization/NRF2",-1
0.0496,0.1148,0.442336197405384,4,"Randomization/NRF2",-1
0.153,0.252,0.222936749630489,5,"Randomization/NRF2",-2
0.1398,0.2483,0.198808944510331,5,"Randomization/NRF2",-2
0.047,0.1147,0.314020489621282,4,"Randomization/NRF2",-2
0.1454,0.2585,0.250917985501984,5,"Randomization/NRF2",-2
0.1501,0.2613,0.29781966485217,5,"Randomization/NRF2",-2
0.0481,0.0981,0.295877434807368,4,"Randomization/NRF2",-2
0.1476,0.2486,0.162682640974022,5,"Randomization/NRF2",-2
0.0521,0.1109,0.301656841592643,4,"Randomization/NRF2",-2
0.143,0.2442,0.228353397168857,5,"Randomization/NRF2",-2
0.0448,0.1021,0.279529964655536,4,"Randomization/NRF2",-2
0.2813,0.3908,0.1908878985993,7,"Randomization/NRF2",-2
0.1703,0.3302,0.204682032892925,5,"Randomization/NRF2",-2
0.1702,0.3598,0.472231243414633,6,"Randomization/NRF2",-1
0.0659,0.2672,0.404282983440381,5,"Randomization/NRF2",-1
0.0904,0.2835,0.47050167830187,6,"Randomization/NRF2",-1
0.4716,0.6491,0.14378095820631,7,"Randomization/NRF2",-2
0.1701,0.3993,0.42438007409895,6,"Randomization/NRF2",-1
0.0916,0.2566,0.500756024680636,5,"Randomization/NRF2",-1
0.1699,0.3764,0.300525557584047,6,"Randomization/NRF2",-2
0.1741,0.3483,0.250235390305607,6,"Randomization/NRF2",-2
0.1784,0.3659,0.328575663956331,6,"Randomization/NRF2",-2
0.0848,0.2556,0.371339860581067,5,"Randomization/NRF2",-1
0.1725,0.3669,0.26307454585137,6,"Randomization/NRF2",-2
0.1576,0.2487,0.148087104344224,5,"Randomization/NRF2",-2
0.1446,0.2402,0.454726800615221,4,"Randomization/NRF2",-1
0.0423,0.1225,0.291883072177366,5,"Randomization/NRF2",-2
0.0468,0.1344,0.311470041236118,4,"Randomization/NRF2",-2
0.5179,0.6082,0.0504799541513668,7,"Randomization/NRF2",-3
0.1087,0.2047,0.406061311325199,4,"Randomization/NRF2",-1
0.1243,0.1836,0.519920939047656,7,"Randomization/NRF2",-1
0.1388,0.2402,0.186913313720288,4,"Randomization/NRF2",-2
0.2153,0.2951,0.133973323058056,6,"Randomization/NRF2",-3
0.2763,0.3481,0.226475870081174,8,"Randomization/NRF2",-2
0.0749,0.1334,0.228261471685773,5,"Randomization/NRF2",-2
0.2037,0.2854,0.122131701472641,6,"Randomization/NRF2",-3
0.1724,0.2602,0.489714969921655,6,"Randomization/NRF2",-1
0.039,0.1203,0.282215830944716,3,"Randomization/NRF2",-2
0.0325,0.1255,0.336749731780538,4,"Randomization/NRF2",-2
0.3817,0.4994,0.0563366668269955,5,"Randomization/NRF2",-3
0.2166,0.2981,0.354380725639858,6,"Randomization/NRF2",-2
0.0436,0.1175,0.428958755308056,1,"Randomization/NRF2",-1
0.1701,0.2589,0.21298495082987,6,"Randomization/NRF2",-2
0.1079,0.2058,0.165034917671908,4,"Randomization/NRF2",-2
0.0882,0.2002,0.2273177882382,2,"Randomization/NRF2",-2
0.044,0.1062,0.240973160127834,3,"Randomization/NRF2",-2
0.1255,0.2206,0.141697987533117,4,"Randomization/NRF2",-2
0.0355,0.1101,0.385531420903845,4,"Randomization/NRF2",-1
0.0305,0.1072,0.470425256183733,3,"Randomization/NRF2",-1
0.4819,0.597,0.406794897146046,6,"Randomization/NRF2",-1
0.1405,0.2677,0.500730206782723,5,"Randomization/NRF2",-1
0.0409,0.0899,0.565154967046991,4,"Randomization/NRF2",-1
0.1396,0.2361,0.467338381022037,5,"Randomization/NRF2",-1
0.1516,0.2352,0.488427060972111,5,"Randomization/NRF2",-1
0.1436,0.2297,0.473282571022547,5,"Randomization/NRF2",-1
0.0438,0.0977,0.490102577303235,4,"Randomization/NRF2",-1
0.1436,0.2378,0.446971946660906,5,"Randomization/NRF2",-1
0.0604,0.2761,0.555938290270617,6,"Randomization/NRF2",-1
0.1907,0.3259,0.162989405096323,5,"Randomization/NRF2",-2
0.048,0.1726,0.439925975189953,6,"Randomization/NRF2",-1
0.0103,0.0495,0.460523495714934,1,"Randomization/NRF2",-1
0.0345,0.1104,0.349921788722409,4,"Randomization/NRF2",-2
0.0289,0.0982,0.330842436693613,2,"Randomization/NRF2",-2
0.0275,0.1012,0.372898032516841,2,"Randomization/NRF2",-1
0.0103,0.0526,0.416779547249955,3,"Randomization/NRF2",-1
0.0357,0.1081,0.323052949224243,4,"Randomization/NRF2",-2
0.115,0.3642,0.398679678961818,6,"Randomization/NRF2",-1
0.0324,0.138,0.468457323265318,5,"Randomization/NRF2",-1
0.0205,0.0612,0.436398761131522,4,"Randomization/NRF2",-1
0.0283,0.116,0.398117240680174,3,"Randomization/NRF2",-1
0.0279,0.1055,0.360037281488172,3,"Randomization/NRF2",-2
0.0341,0.1155,0.402033221147197,5,"Randomization/NRF2",-1
0.0166,0.0496,0.406712107187764,4,"Randomization/NRF2",-1
0.0332,0.1148,0.389297114995876,5,"Randomization/NRF2",-1
0.4533,0.6296,0.405636664374896,6,"Randomization/NRF2",-1
0.2246,0.3376,0.557637135468225,5,"Randomization/NRF2",-1
0.4799,0.5999,0.153143521846613,6,"Randomization/NRF2",-2
0.4931,0.5847,0.0678216037940649,6,"Randomization/NRF2",-3
0.4864,0.5753,0.156425936939517,6,"Randomization/NRF2",-2
0.2179,0.3296,0.129851286987287,5,"Randomization/NRF2",-3
0.4732,0.5875,0.0618767799702194,6,"Randomization/NRF2",-3
0.0527,0.1188,0.479933190941808,4,"Randomization/NRF2",-1
0.14,0.2625,0.39091605013334,5,"Randomization/NRF2",-1
0.1416,0.2435,0.379294148381319,5,"Randomization/NRF2",-1
0.1485,0.2565,0.45830449598787,5,"Randomization/NRF2",-1
0.046,0.1134,0.411893336564178,4,"Randomization/NRF2",-1
0.1373,0.2658,0.377863927496019,5,"Randomization/NRF2",-1
0.0408,0.0948,0.472480729312239,4,"Randomization/NRF2",-1
0.0435,0.094,0.47771295474584,4,"Randomization/NRF2",-1
0.0511,0.1057,0.481427115525531,4,"Randomization/NRF2",-1
0.1809,0.2882,0.572408933565619,5,"Randomization/NRF2",-1
0.0547,0.1127,0.461288549545034,4,"Randomization/NRF2",-1
0.1504,0.24,0.281905916138127,5,"Randomization/NRF2",-2
0.1452,0.2346,0.190874709199866,5,"Randomization/NRF2",-2
0.0418,0.0973,0.31026669385324,4,"Randomization/NRF2",-2
0.1446,0.2415,0.221924589276072,5,"Randomization/NRF2",-2
0.1521,0.2415,0.252110326378121,5,"Randomization/NRF2",-2
0.0462,0.0979,0.293233878834086,4,"Randomization/NRF2",-2
0.1467,0.2296,0.173516949940013,5,"Randomization/NRF2",-2
0.0501,0.1057,0.31945040888271,4,"Randomization/NRF2",-2
0.1488,0.2308,0.249546612623322,5,"Randomization/NRF2",-2
0.0465,0.104,0.294636294018052,4,"Randomization/NRF2",-2
0.2105,0.4945,0.307033418840039,7,"Randomization/NRF2",-2
0.328,0.466,0.511416262920267,6,"Randomization/NRF2",-1
0.2325,0.4977,0.254820823409012,7,"Randomization/NRF2",-2
0.2164,0.4807,0.273079748774196,6,"Randomization/NRF2",-2
0.5886,0.6893,0.0545944331364335,9,"Randomization/NRF2",-3
0.2492,0.4173,0.228392437417238,6,"Randomization/NRF2",-2
0.4384,0.5905,0.548006752710644,9,"Randomization/NRF2",-1
0.3276,0.4712,0.173363989352179,6,"Randomization/NRF2",-2
0.4265,0.5227,0.114509163380968,8,"Randomization/NRF2",-3
0.5699,0.648,0.212266481706485,10,"Randomization/NRF2",-2
0.3342,0.4803,0.164634798380613,7,"Randomization/NRF2",-2
0.4676,0.5772,0.111480580004662,8,"Randomization/NRF2",-3
0.377,0.5037,0.580476931943648,8,"Randomization/NRF2",-1
0.1585,0.4076,0.479633711651299,5,"Randomization/NRF2",-1
0.1312,0.3924,0.418534040387034,6,"Randomization/NRF2",-1
0.3775,0.5841,0.220434173604694,7,"Randomization/NRF2",-2
0.4366,0.5378,0.615404243403665,8,"Randomization/NRF2",-1
0.165,0.3307,0.556492138551298,3,"Randomization/NRF2",-1
0.3889,0.5119,0.425887091290534,8,"Randomization/NRF2",-1
0.2648,0.4209,0.363141705312807,6,"Randomization/NRF2",-2
0.2109,0.3965,0.366623117612444,4,"Randomization/NRF2",-2
0.2029,0.3527,0.436437039077536,5,"Randomization/NRF2",-1
0.2621,0.4192,0.333198729310878,6,"Randomization/NRF2",-2
0.0987,0.3958,0.452068890703561,6,"Randomization/NRF2",-1
0.1142,0.3947,0.536009592701966,5,"Randomization/NRF2",-1
0.5262,0.7536,0.43714596975658,8,"Randomization/NRF2",-1
0.206,0.4998,0.588571441522155,7,"Randomization/NRF2",-1
0.1204,0.3613,0.564821501245954,6,"Randomization/NRF2",-1
0.2221,0.5229,0.51281762094809,7,"Randomization/NRF2",-1
0.2142,0.4814,0.524904900469987,7,"Randomization/NRF2",-1
0.2007,0.4563,0.498643056177806,7,"Randomization/NRF2",-1
0.1231,0.3772,0.530954885814152,6,"Randomization/NRF2",-1
0.2174,0.5042,0.491464736705685,7,"Randomization/NRF2",-1
0.1224,0.5374,0.618156930097933,8,"Randomization/NRF2",-1
0.2312,0.5225,0.293540168809678,7,"Randomization/NRF2",-2
0.1451,0.5397,0.576584003030605,8,"Randomization/NRF2",-1
0.0732,0.3321,0.449464107407205,3,"Randomization/NRF2",-1
0.0927,0.3929,0.449430934556665,6,"Randomization/NRF2",-1
0.0895,0.3349,0.391060588503699,4,"Randomization/NRF2",-1
0.0878,0.3562,0.434411419289928,4,"Randomization/NRF2",-1
0.0758,0.391,0.497739405783526,5,"Randomization/NRF2",-1
0.1009,0.4261,0.447219246869411,6,"Randomization/NRF2",-1
0.2461,0.6375,0.433189634470782,8,"Randomization/NRF2",-1
0.1583,0.4767,0.478720171221145,7,"Randomization/NRF2",-1
0.1503,0.4066,0.380327736051113,6,"Randomization/NRF2",-1
0.1097,0.3947,0.416441640821683,5,"Randomization/NRF2",-1
0.1207,0.362,0.361696794899269,5,"Randomization/NRF2",-2
0.1572,0.4532,0.402174427450749,7,"Randomization/NRF2",-1
0.1554,0.4301,0.424735284361589,6,"Randomization/NRF2",-1
0.1529,0.4731,0.421516167263354,7,"Randomization/NRF2",-1
0.532,0.7734,0.44176709240871,8,"Randomization/NRF2",-1
0.276,0.5565,0.526876669719781,7,"Randomization/NRF2",-1
0.4969,0.742,0.19274904905346,8,"Randomization/NRF2",-2
0.5032,0.7111,0.0751893189360378,8,"Randomization/NRF2",-3
0.4789,0.7205,0.165952955841501,8,"Randomization/NRF2",-2
0.2855,0.5918,0.202294646953746,7,"Randomization/NRF2",-2
0.4878,0.7485,0.108180867276592,8,"Randomization/NRF2",-3
0.1547,0.4535,0.422592204898299,6,"Randomization/NRF2",-1
0.1892,0.4968,0.484821886105593,7,"Randomization/NRF2",-1
0.2149,0.497,0.394893758545027,7,"Randomization/NRF2",-1
0.2402,0.5524,0.428959852593779,7,"Randomization/NRF2",-1
0.152,0.4701,0.431738904640854,6,"Randomization/NRF2",-1
0.2398,0.5557,0.436191308466471,7,"Randomization/NRF2",-1
0.1259,0.3712,0.44014612927461,6,"Randomization/NRF2",-1
0.1318,0.3816,0.412536083646882,6,"Randomization/NRF2",-1
0.1519,0.4338,0.427199659084319,6,"Randomization/NRF2",-1
0.2434,0.5332,0.558268678102707,7,"Randomization/NRF2",-1
0.1559,0.4143,0.417560054635925,6,"Randomization/NRF2",-1
0.2135,0.4808,0.294674590455093,7,"Randomization/NRF2",-2
0.2043,0.4598,0.23344816067442,7,"Randomization/NRF2",-2
0.1214,0.3802,0.351817091574749,6,"Randomization/NRF2",-2
0.2058,0.5025,0.293159405706127,7,"Randomization/NRF2",-2
0.2102,0.4855,0.307264951329082,7,"Randomization/NRF2",-2
0.1237,0.3711,0.329773339461906,6,"Randomization/NRF2",-2
0.206,0.4508,0.194846057476397,7,"Randomization/NRF2",-2
0.1467,0.4118,0.363221901594576,6,"Randomization/NRF2",-2
0.208,0.4917,0.284227349579383,7,"Randomization/NRF2",-2
0.1502,0.436,0.35643764285687,6,"Randomization/NRF2",-2
0.1671,0.321,0.438421064728116,6,"Randomization/NRF2",-1
0.0567,0.2127,0.321746210995607,5,"Randomization/NRF2",-2
0.0488,0.2095,0.439124861867251,4,"Randomization/NRF2",-1
0.4659,0.6534,0.103805564460023,7,"Randomization/NRF2",-3
0.1616,0.2889,0.393855081354562,6,"Randomization/NRF2",-1
0.066,0.2029,0.498505728323826,5,"Randomization/NRF2",-1
0.1738,0.332,0.287105537796273,6,"Randomization/NRF2",-2
0.1634,0.3423,0.255690699694944,6,"Randomization/NRF2",-2
0.1724,0.3394,0.253601887544394,6,"Randomization/NRF2",-2
0.0612,0.1844,0.300692366868048,5,"Randomization/NRF2",-2
0.1637,0.3173,0.188025373624498,6,"Randomization/NRF2",-2
0.0589,0.1989,0.391032267914082,4,"Randomization/NRF2",-1
0.0637,0.2281,0.391922633501355,5,"Randomization/NRF2",-1
0.4145,0.5588,0.416557300579838,6,"Randomization/NRF2",-1
0.1066,0.2601,0.488505889035919,3,"Randomization/NRF2",-1
0.1201,0.2326,0.605552814122371,6,"Randomization/NRF2",-1
0.2471,0.3529,0.501224856871184,7,"Randomization/NRF2",-1
0.3348,0.4156,0.52968630489403,9,"Randomization/NRF2",-1
0.2514,0.3533,0.482217361407564,7,"Randomization/NRF2",-1
0.0977,0.2126,0.459522849878058,4,"Randomization/NRF2",-1
0.1692,0.2994,0.450582095104384,5,"Randomization/NRF2",-1
0.094,0.3432,0.421707512390999,6,"Randomization/NRF2",-1
0.2565,0.4441,0.0825663747466922,7,"Randomization/NRF2",-3
0.0634,0.2077,0.35106817225294,6,"Randomization/NRF2",-2
0.0571,0.1768,0.396117794113208,5,"Randomization/NRF2",-1
0.0622,0.2015,0.274051904995223,4,"Randomization/NRF2",-2
0.0836,0.21,0.201459372102012,4,"Randomization/NRF2",-2
0.1086,0.2527,0.252207881919757,6,"Randomization/NRF2",-2
0.0476,0.1627,0.294490366062547,5,"Randomization/NRF2",-2
0.0839,0.2232,0.214608525241337,6,"Randomization/NRF2",-2
0.1278,0.4067,0.296758696561089,6,"Randomization/NRF2",-2
0.0566,0.1783,0.328764587581665,3,"Randomization/NRF2",-2
0.0759,0.201,0.452180297957497,6,"Randomization/NRF2",-1
0.0603,0.2267,0.318805688461596,5,"Randomization/NRF2",-2
0.0859,0.2691,0.301256250747852,7,"Randomization/NRF2",-2
0.1066,0.2686,0.286048005168937,7,"Randomization/NRF2",-2
0.0518,0.1663,0.270813103012313,4,"Randomization/NRF2",-2
0.0759,0.2224,0.256141419853445,5,"Randomization/NRF2",-2
0.3094,0.4808,0.301622818878783,6,"Randomization/NRF2",-2
0.4389,0.5102,0.601878285214222,9,"Randomization/NRF2",-1
0.4075,0.5561,0.0960852352541228,6,"Randomization/NRF2",-3
0.5511,0.6398,0.027217745378461,8,"Randomization/NRF2",-4
0.6505,0.7128,0.129972507455457,10,"Randomization/NRF2",-3
0.2924,0.3987,0.0363673645878798,7,"Randomization/NRF2",-4
0.1155,0.2236,0.488285301912698,6,"Randomization/NRF2",-1
0.0994,0.2645,0.322706512784444,3,"Randomization/NRF2",-2
0.1337,0.2719,0.269211777148805,5,"Randomization/NRF2",-2
0.2042,0.3348,0.318398335408728,7,"Randomization/NRF2",-2
0.0755,0.1822,0.281073104095256,4,"Randomization/NRF2",-2
0.1297,0.2685,0.262311609928391,5,"Randomization/NRF2",-2
0.111,0.2237,0.489065763457502,6,"Randomization/NRF2",-1
0.0914,0.2121,0.447386254422478,4,"Randomization/NRF2",-1
0.1332,0.2441,0.477118133253809,6,"Randomization/NRF2",-1
0.3805,0.462,0.598974733941941,9,"Randomization/NRF2",-1
0.2092,0.3084,0.514494251618037,8,"Randomization/NRF2",-1
0.3629,0.4424,0.202978011216642,9,"Randomization/NRF2",-2
0.2453,0.3534,0.0828281981946861,7,"Randomization/NRF2",-3
0.0866,0.2052,0.194235958390496,4,"Randomization/NRF2",-2
0.172,0.3063,0.140977113228066,5,"Randomization/NRF2",-2
0.1673,0.3035,0.165375851056911,5,"Randomization/NRF2",-2
0.1238,0.2374,0.154433631033266,6,"Randomization/NRF2",-2
0.249,0.35,0.0698260499742414,7,"Randomization/NRF2",-3
0.1983,0.3049,0.18298228439835,8,"Randomization/NRF2",-2
0.3531,0.4421,0.161695496074976,9,"Randomization/NRF2",-2
0.1355,0.2377,0.144051335839759,6,"Randomization/NRF2",-2
0.0797,0.2199,0.463683155973995,6,"Randomization/NRF2",-1
0.0605,0.2,0.475362603549583,5,"Randomization/NRF2",-1
0.4324,0.5586,0.464266677147596,8,"Randomization/NRF2",-1
0.3544,0.4333,0.68416241218697,9,"Randomization/NRF2",-1
0.0784,0.1703,0.600060435163169,4,"Randomization/NRF2",-1
0.1357,0.2827,0.472942074251378,5,"Randomization/NRF2",-1
0.1055,0.2544,0.460278194571159,3,"Randomization/NRF2",-1
0.1343,0.2643,0.509824131062058,5,"Randomization/NRF2",-1
0.114,0.221,0.544579490713327,6,"Randomization/NRF2",-1
0.2143,0.3251,0.506631523650284,7,"Randomization/NRF2",-1
0.0815,0.3333,0.514902414203583,6,"Randomization/NRF2",-1
0.2078,0.4152,0.204984529207057,5,"Randomization/NRF2",-2
0.0833,0.2169,0.484308380113131,4,"Randomization/NRF2",-1
0.0286,0.127,0.486353890527443,3,"Randomization/NRF2",-1
0.0785,0.2205,0.429498338324817,6,"Randomization/NRF2",-1
0.0588,0.2059,0.424712156662593,6,"Randomization/NRF2",-1
0.0515,0.1985,0.406947457288188,4,"Randomization/NRF2",-1
0.0289,0.1292,0.44953349760371,3,"Randomization/NRF2",-1
0.0584,0.1947,0.359002486030792,4,"Randomization/NRF2",-2
0.1102,0.3981,0.384345978993416,6,"Randomization/NRF2",-1
0.0862,0.2681,0.513092471071988,7,"Randomization/NRF2",-1
0.0271,0.1227,0.436451560432211,2,"Randomization/NRF2",-1
0.063,0.2048,0.39845404901246,5,"Randomization/NRF2",-1
0.0498,0.1742,0.395914899137116,3,"Randomization/NRF2",-1
0.0508,0.1885,0.405391707678374,3,"Randomization/NRF2",-1
0.0335,0.1346,0.414512179034753,4,"Randomization/NRF2",-1
0.0557,0.2035,0.370806906173568,5,"Randomization/NRF2",-1
0.5601,0.6312,0.521454382654219,8,"Randomization/NRF2",-1
0.1701,0.3397,0.55770827932931,3,"Randomization/NRF2",-1
0.4402,0.5664,0.210582093271826,8,"Randomization/NRF2",-2
0.3094,0.4862,0.129386313251065,6,"Randomization/NRF2",-3
0.275,0.4642,0.16703032792505,4,"Randomization/NRF2",-2
0.1904,0.3449,0.174016651003509,5,"Randomization/NRF2",-2
0.3672,0.5196,0.0949107932418599,6,"Randomization/NRF2",-3
0.0926,0.2142,0.540371033351048,4,"Randomization/NRF2",-1
0.3564,0.4376,0.585780082536906,9,"Randomization/NRF2",-1
0.2486,0.3561,0.521662590961739,7,"Randomization/NRF2",-1
0.1702,0.295,0.506417021678757,5,"Randomization/NRF2",-1
0.1345,0.2405,0.497798464311009,6,"Randomization/NRF2",-1
0.2536,0.3555,0.510705482012632,7,"Randomization/NRF2",-1
0.0876,0.1817,0.534759038816428,4,"Randomization/NRF2",-1
0.1149,0.218,0.556975722421081,6,"Randomization/NRF2",-1
0.0787,0.1902,0.515473485305942,4,"Randomization/NRF2",-1
0.1229,0.286,0.562676608612327,3,"Randomization/NRF2",-1
0.0729,0.1919,0.469343752936351,2,"Randomization/NRF2",-1
0.1088,0.2621,0.26916112106467,3,"Randomization/NRF2",-2
0.1515,0.2793,0.264048290070012,5,"Randomization/NRF2",-2
0.1227,0.2319,0.392263106365043,6,"Randomization/NRF2",-1
0.2101,0.3225,0.298308183972932,7,"Randomization/NRF2",-2
0.2034,0.3156,0.331798925313285,7,"Randomization/NRF2",-2
0.0765,0.1741,0.345150400395994,4,"Randomization/NRF2",-2
0.1332,0.2675,0.238939993724834,5,"Randomization/NRF2",-2
0.0686,0.1868,0.333607129176627,2,"Randomization/NRF2",-2
0.1147,0.2686,0.27388114037536,3,"Randomization/NRF2",-2
0.0785,0.1833,0.316080893469973,4,"Randomization/NRF2",-2
0.0676,0.2965,0.535957849757734,5,"Randomization/NRF2",-1
0.2217,0.3947,0.328084952136608,6,"Randomization/NRF2",-2
0.0761,0.2647,0.531684652469071,7,"Randomization/NRF2",-1
0.0189,0.108,0.482687670499559,2,"Randomization/NRF2",-1
0.0457,0.183,0.432616144782487,5,"Randomization/NRF2",-1
0.0351,0.1625,0.420560807261928,3,"Randomization/NRF2",-1
0.0432,0.1649,0.423688506230545,3,"Randomization/NRF2",-1
0.0212,0.1136,0.460868417089583,4,"Randomization/NRF2",-1
0.045,0.1795,0.395919273800704,5,"Randomization/NRF2",-1
0.1179,0.4123,0.441670846380406,5,"Randomization/NRF2",-1
0.0493,0.1998,0.528738564013195,4,"Randomization/NRF2",-1
0.0284,0.123,0.496762424858075,3,"Randomization/NRF2",-1
0.0622,0.2138,0.524878088913122,6,"Randomization/NRF2",-1
0.058,0.1976,0.502864296206801,6,"Randomization/NRF2",-1
0.0498,0.1775,0.484903820789816,4,"Randomization/NRF2",-1
0.0272,0.1182,0.498043391354187,3,"Randomization/NRF2",-1
0.049,0.1879,0.477122570532898,4,"Randomization/NRF2",-1
0.4643,0.6572,0.600236266273011,7,"Randomization/NRF2",-1
0.2345,0.3816,0.664910464234679,6,"Randomization/NRF2",-1
0.4702,0.6176,0.412459382152486,7,"Randomization/NRF2",-1
0.4869,0.6109,0.446617448509228,7,"Randomization/NRF2",-1
0.4915,0.6156,0.426532241010473,7,"Randomization/NRF2",-1
0.2231,0.3964,0.437995460621597,6,"Randomization/NRF2",-1
0.4729,0.6335,0.39456409170215,7,"Randomization/NRF2",-1
0.0607,0.1794,0.536099133787763,5,"Randomization/NRF2",-1
0.1617,0.3253,0.576050653124177,6,"Randomization/NRF2",-1
0.1668,0.3202,0.563774984045436,6,"Randomization/NRF2",-1
0.1618,0.2981,0.561313648467693,6,"Randomization/NRF2",-1
0.0655,0.1938,0.540542724018036,5,"Randomization/NRF2",-1
0.1508,0.3184,0.557117575617917,6,"Randomization/NRF2",-1
0.0751,0.1848,0.585927719025215,5,"Randomization/NRF2",-1
0.0653,0.1765,0.569928330010626,5,"Randomization/NRF2",-1
0.0578,0.1655,0.553556061323582,5,"Randomization/NRF2",-1
0.1808,0.327,0.660147995666778,6,"Randomization/NRF2",-1
0.058,0.1613,0.549766466287535,5,"Randomization/NRF2",-1
0.1647,0.2885,0.478571274844582,6,"Randomization/NRF2",-1
0.1557,0.2872,0.531595566440677,6,"Randomization/NRF2",-1
0.0719,0.1838,0.534162889437095,5,"Randomization/NRF2",-1
0.1617,0.3051,0.465647837531242,6,"Randomization/NRF2",-1
0.1676,0.3065,0.494632459187471,6,"Randomization/NRF2",-1
0.0694,0.1768,0.531175665103598,5,"Randomization/NRF2",-1
0.1696,0.2981,0.491506312459682,6,"Randomization/NRF2",-1
0.054,0.1532,0.498227135544502,5,"Randomization/NRF2",-1
0.1551,0.2863,0.472634020961671,6,"Randomization/NRF2",-1
0.059,0.1662,0.493919058803188,5,"Randomization/NRF2",-1
0.1435,0.5916,0.572763694023545,8,"Randomization/NRF2",-1
0.0914,0.4323,0.644762840182517,9,"Randomization/NRF2",-1
0.0423,0.1909,0.462538283067469,4,"Randomization/NRF2",-1
0.0653,0.3097,0.520821415998059,5,"Randomization/NRF2",-1
0.0734,0.285,0.480237342082799,3,"Randomization/NRF2",-1
0.0687,0.2978,0.524908049520356,5,"Randomization/NRF2",-1
0.05,0.2374,0.532336022206285,6,"Randomization/NRF2",-1
0.0743,0.3426,0.557585246640563,7,"Randomization/NRF2",-1
0.2457,0.4614,0.519522698664536,8,"Randomization/NRF2",-1
0.0805,0.2495,0.499614589544493,3,"Randomization/NRF2",-1
0.2194,0.4,0.232010888348595,6,"Randomization/NRF2",-2
0.197,0.3633,0.144357014634383,4,"Randomization/NRF2",-2
0.1806,0.3594,0.207478966661734,4,"Randomization/NRF2",-2
0.0709,0.2418,0.306252789398864,5,"Randomization/NRF2",-2
0.1931,0.3765,0.180493468285991,6,"Randomization/NRF2",-2
0.0316,0.1611,0.428701509945377,4,"Randomization/NRF2",-1
0.0753,0.2656,0.526180707046301,7,"Randomization/NRF2",-1
0.0584,0.2141,0.473030544295531,5,"Randomization/NRF2",-1
0.0562,0.2255,0.489784561240871,5,"Randomization/NRF2",-1
0.0399,0.1992,0.490951010241229,6,"Randomization/NRF2",-1
0.076,0.2652,0.505693471819688,7,"Randomization/NRF2",-1
0.0205,0.1118,0.454947578287217,2,"Randomization/NRF2",-1
0.0188,0.1154,0.437083453230033,4,"Randomization/NRF2",-1
0.0311,0.1387,0.455864624311159,4,"Randomization/NRF2",-1
0.0488,0.1946,0.527961360952064,3,"Randomization/NRF2",-1
0.0211,0.1129,0.426266613747712,2,"Randomization/NRF2",-1
0.0395,0.1615,0.383754097202811,3,"Randomization/NRF2",-1
0.0484,0.1797,0.35850163107174,3,"Randomization/NRF2",-2
0.0217,0.1248,0.438039437520813,4,"Randomization/NRF2",-1
0.0457,0.1841,0.371477701263175,5,"Randomization/NRF2",-1
0.0488,0.1786,0.396080395892816,5,"Randomization/NRF2",-1
0.0172,0.1085,0.414409113781663,2,"Randomization/NRF2",-1
0.0448,0.162,0.329839373026608,3,"Randomization/NRF2",-2
0.0193,0.116,0.426658786149368,2,"Randomization/NRF2",-1
0.0395,0.1675,0.359865883374993,3,"Randomization/NRF2",-2
0.0242,0.1316,0.427131581393201,4,"Randomization/NRF2",-1
0.1364,0.4753,0.540547632726163,7,"Randomization/NRF2",-1
0.091,0.2735,0.465069968084162,6,"Randomization/NRF2",-1
0.1112,0.4154,0.39767200373076,5,"Randomization/NRF2",-1
0.1217,0.3779,0.333531167929352,5,"Randomization/NRF2",-2
0.1415,0.4259,0.374439643150202,7,"Randomization/NRF2",-1
0.0797,0.2796,0.362456940284854,6,"Randomization/NRF2",-2
0.1353,0.4381,0.385359247201461,7,"Randomization/NRF2",-1
0.0463,0.1547,0.334819122857987,5,"Randomization/NRF2",-2
0.048,0.2012,0.453803186821651,4,"Randomization/NRF2",-1
0.045,0.1812,0.39826062831557,4,"Randomization/NRF2",-1
0.0562,0.2149,0.41632182796822,6,"Randomization/NRF2",-1
0.047,0.1594,0.397959352885093,5,"Randomization/NRF2",-1
0.0676,0.2262,0.439133848883864,6,"Randomization/NRF2",-1
0.0269,0.1194,0.37847907337383,3,"Randomization/NRF2",-1
0.0309,0.126,0.362408492188067,3,"Randomization/NRF2",-2
0.0436,0.149,0.380172061080953,5,"Randomization/NRF2",-1
0.0705,0.2407,0.457987402636744,6,"Randomization/NRF2",-1
0.0495,0.154,0.358354820106144,5,"Randomization/NRF2",-2
0.0701,0.2042,0.378831364730954,6,"Randomization/NRF2",-1
0.0461,0.1778,0.35024834838043,4,"Randomization/NRF2",-2
0.0293,0.1262,0.384875102176102,3,"Randomization/NRF2",-1
0.0462,0.194,0.380002446721454,4,"Randomization/NRF2",-1
0.0434,0.1812,0.407911192519525,4,"Randomization/NRF2",-1
0.0304,0.12,0.364943533433372,3,"Randomization/NRF2",-2
0.0492,0.1712,0.32290425339939,4,"Randomization/NRF2",-2
0.0426,0.145,0.37788388658885,5,"Randomization/NRF2",-1
0.0616,0.204,0.353077632479507,6,"Randomization/NRF2",-2
0.0413,0.1459,0.368404767961186,5,"Randomization/NRF2",-1
0.2317,0.402,0.568728469007397,6,"Randomization/NRF2",-1
0.4373,0.6566,0.501805329398841,7,"Randomization/NRF2",-1
0.4741,0.6419,0.410306133494016,7,"Randomization/NRF2",-1
0.4864,0.6405,0.429874752916363,7,"Randomization/NRF2",-1
0.2148,0.4122,0.408618471861771,6,"Randomization/NRF2",-1
0.4766,0.6622,0.430106137144035,7,"Randomization/NRF2",-1
0.2252,0.3652,0.539857500727677,6,"Randomization/NRF2",-1
0.2451,0.3964,0.55419836163469,6,"Randomization/NRF2",-1
0.2326,0.3919,0.532081738863538,6,"Randomization/NRF2",-1
0.5113,0.6516,0.628571001428486,7,"Randomization/NRF2",-1
0.2381,0.3921,0.524635270235768,6,"Randomization/NRF2",-1
0.495,0.617,0.152389394600769,7,"Randomization/NRF2",-2
0.4778,0.6121,0.0572194566908039,7,"Randomization/NRF2",-3
0.2247,0.3922,0.167130579583809,6,"Randomization/NRF2",-2
0.4664,0.6312,0.141042577804757,7,"Randomization/NRF2",-2
0.4734,0.6322,0.174206489724323,7,"Randomization/NRF2",-2
0.2377,0.3819,0.11227744066504,6,"Randomization/NRF2",-3
0.49,0.608,0.0393763003371927,7,"Randomization/NRF2",-4
0.2434,0.3962,0.154856050897786,6,"Randomization/NRF2",-2
0.4926,0.6227,0.120532435454174,7,"Randomization/NRF2",-3
0.2271,0.3939,0.107511913105812,6,"Randomization/NRF2",-3
0.0609,0.1845,0.451580653171442,5,"Randomization/NRF2",-1
0.0653,0.1988,0.436990152448536,5,"Randomization/NRF2",-1
0.074,0.2149,0.427073171849553,5,"Randomization/NRF2",-1
0.1892,0.3724,0.554530734735592,6,"Randomization/NRF2",-1
0.076,0.2026,0.412887133874088,5,"Randomization/NRF2",-1
0.1744,0.3283,0.423880613426717,6,"Randomization/NRF2",-1
0.1546,0.3166,0.401781845277046,6,"Randomization/NRF2",-1
0.0621,0.1935,0.430561562465683,5,"Randomization/NRF2",-1
0.151,0.3233,0.469092880629294,6,"Randomization/NRF2",-1
0.1642,0.3307,0.501049545491756,6,"Randomization/NRF2",-1
0.0664,0.1841,0.400935418576202,5,"Randomization/NRF2",-1
0.166,0.3132,0.379338409400015,6,"Randomization/NRF2",-1
0.072,0.1958,0.407447396832804,5,"Randomization/NRF2",-1
0.1621,0.3211,0.403519560154885,6,"Randomization/NRF2",-1
0.0682,0.2127,0.389740755639898,5,"Randomization/NRF2",-1
0.0745,0.1885,0.444145189954631,5,"Randomization/NRF2",-1
0.059,0.1739,0.434305611873412,5,"Randomization/NRF2",-1
0.1832,0.3275,0.559493202333679,6,"Randomization/NRF2",-1
0.055,0.1594,0.43721822003571,5,"Randomization/NRF2",-1
0.0584,0.1562,0.457876834807157,5,"Randomization/NRF2",-1
0.1885,0.3502,0.563577538662146,6,"Randomization/NRF2",-1
0.0653,0.1688,0.41408080835181,5,"Randomization/NRF2",-1
0.1917,0.3627,0.548714914411693,6,"Randomization/NRF2",-1
0.0673,0.1816,0.424203005984876,5,"Randomization/NRF2",-1
0.2028,0.3544,0.556500243651573,6,"Randomization/NRF2",-1
0.1706,0.319,0.21689328813669,6,"Randomization/NRF2",-2
0.0743,0.1901,0.326231779545751,5,"Randomization/NRF2",-2
0.172,0.306,0.244197375864798,6,"Randomization/NRF2",-2
0.0572,0.1623,0.289134503304716,5,"Randomization/NRF2",-2
0.1596,0.2829,0.170643737725928,6,"Randomization/NRF2",-2
0.0625,0.1732,0.310115970550658,5,"Randomization/NRF2",-2
0.0632,0.1699,0.303890300597431,5,"Randomization/NRF2",-2
0.1602,0.3056,0.262415374781944,6,"Randomization/NRF2",-2
0.0611,0.1597,0.283000198792912,5,"Randomization/NRF2",-2
0.0777,0.1915,0.295692573169149,5,"Randomization/NRF2",-2
0.2268,0.5642,0.37915222842752,7,"Randomization/NRF2",-1
0.5215,0.6216,0,8,"Randomization/NRF2",-Inf
0.1166,0.1738,0.274732735294767,3,"Randomization/OCT4",-2
0.1138,0.1698,0.27368725011872,3,"Randomization/OCT4",-2
0.0712,0.1356,0.271465750639035,2,"Randomization/OCT4",-2
0.0618,0.1192,0.0801410971072211,2,"Randomization/OCT4",-3
0.0594,0.1172,0.0813826240489605,2,"Randomization/OCT4",-3
0.1273,0.1827,0.0918684732874496,3,"Randomization/OCT4",-3
0.1317,0.3476,0.0558917621536404,3,"Randomization/OCT4",-3
0.2013,0.5742,0.174457742634747,4,"Randomization/OCT4",-2
0.056,0.2291,0.228041406524436,3,"Randomization/OCT4",-2
0.0396,0.2113,0.246144355368083,2,"Randomization/OCT4",-2
0.0435,0.1807,0.419143469547053,3,"Randomization/OCT4",-1
0.0292,0.1374,0.190685912466883,2,"Randomization/OCT4",-2
0.1104,0.4304,0.234825245814969,4,"Randomization/OCT4",-2
0.0947,0.3679,0.10949178689347,3,"Randomization/OCT4",-3
0.0926,0.3598,0.112884780271925,3,"Randomization/OCT4",-3
0.084,0.256,0.154850090186403,2,"Randomization/OCT4",-2
0.0918,0.3126,0.151154079126,3,"Randomization/OCT4",-2
0.0662,0.2432,0.35872189009561,2,"Randomization/OCT4",-2
0.1105,0.3116,0.114482645585878,3,"Randomization/OCT4",-3
0.1225,0.4601,0.165147392150386,3,"Randomization/OCT4",-2
0.1836,0.4887,0.0501640525342882,4,"Randomization/OCT4",-3
0.1941,0.5049,0.0547533773580506,4,"Randomization/OCT4",-3
0.0656,0.2777,0.237705162369608,2,"Randomization/OCT4",-2
0.0049,0.0109,0.251826103638871,1,"Randomization/OCT4",-2
0.0022,0.0116,0.189720472602507,0,"Randomization/OCT4",-2
0.0499,0.1895,0.144873714207062,2,"Randomization/OCT4",-2
0.0411,0.1542,0.0998364175967936,1,"Randomization/OCT4",-3
0.0439,0.1538,0.104743731892288,1,"Randomization/OCT4",-3
0.002,0.0088,0.238283861530479,0,"Randomization/OCT4",-2
0.0071,0.019,0.210960427683127,1,"Randomization/OCT4",-2
0.0374,0.1606,0.201642933933988,1,"Randomization/OCT4",-2
0.0553,0.1956,0.165014926707489,2,"Randomization/OCT4",-2
0.0522,0.1956,0.167967499555709,2,"Randomization/OCT4",-2
0.0712,0.3001,0.471283694513395,2,"Randomization/OCT4",-1
0.0254,0.0736,0.30646755170249,2,"Randomization/OCT4",-2
0.0149,0.0557,0.27681074313276,1,"Randomization/OCT4",-2
0.014,0.0524,0.281484051280921,1,"Randomization/OCT4",-2
0.0123,0.055,0.153459372721736,1,"Randomization/OCT4",-2
0.0247,0.0721,0.108080391540769,2,"Randomization/OCT4",-3
0.0224,0.0675,0.111695320537402,2,"Randomization/OCT4",-3
0.0711,0.2585,0.121675166544275,2,"Randomization/OCT4",-3
0.0688,0.2667,0.128693234626,2,"Randomization/OCT4",-3
0.1205,0.3336,0.057646606840488,3,"Randomization/OCT4",-3
0.1078,0.2783,0.236589711853656,3,"Randomization/OCT4",-2
0.0859,0.2462,0.145520834659365,2,"Randomization/OCT4",-2
0.147,0.2689,0.31842047228663,3,"Randomization/OCT4",-2
0.1431,0.2264,0.0756599984930579,2,"Randomization/OCT4",-3
0.2077,0.4939,0.0550551454043822,4,"Randomization/OCT4",-3
0.276,0.4656,0.0738609234914408,3,"Randomization/OCT4",-3
0.2773,0.4653,0.0737756526127544,3,"Randomization/OCT4",-3
0.0967,0.349,0.314823907263636,3,"Randomization/OCT4",-2
0.0022,0.0139,0.268200162974182,0,"Randomization/OCT4",-2
0.0029,0.0187,0.23288576376538,1,"Randomization/OCT4",-2
0.0354,0.1673,0.142981392073005,1,"Randomization/OCT4",-2
0.0551,0.1896,0.155268276801355,2,"Randomization/OCT4",-2
0.0524,0.1868,0.148983242968751,2,"Randomization/OCT4",-2
0.002,0.0097,0.279364661545843,1,"Randomization/OCT4",-2
0.0028,0.0156,0.201390636651769,0,"Randomization/OCT4",-2
0.0562,0.2099,0.175802743750165,2,"Randomization/OCT4",-2
0.03,0.1476,0.212262175215666,1,"Randomization/OCT4",-2
0.0278,0.1516,0.193183754709472,1,"Randomization/OCT4",-2
0.0878,0.347,0.481417346537378,3,"Randomization/OCT4",-1
0.0171,0.0565,0.279997227086797,1,"Randomization/OCT4",-2
0.0175,0.0574,0.310333824686941,2,"Randomization/OCT4",-2
0.0163,0.059,0.304281035221492,2,"Randomization/OCT4",-2
0.0141,0.058,0.136452286360116,2,"Randomization/OCT4",-2
0.0159,0.0486,0.139425683492527,1,"Randomization/OCT4",-2
0.0173,0.0527,0.143703850687584,1,"Randomization/OCT4",-2
0.0812,0.3484,0.0848846273681802,3,"Randomization/OCT4",-3
0.0841,0.3399,0.0753466110625209,3,"Randomization/OCT4",-3
0.0979,0.2583,0.119872207915645,2,"Randomization/OCT4",-3
0.3589,0.5789,0.375969433672314,4,"Randomization/OCT4",-1
0.2475,0.3327,0.308445990464383,3,"Randomization/OCT4",-2
0.1598,0.2688,0.265163011840246,2,"Randomization/OCT4",-2
0.272,0.4325,0.227381684852194,4,"Randomization/OCT4",-2
0.1768,0.3383,0.175883536110861,3,"Randomization/OCT4",-2
0.1802,0.3433,0.170355323640385,3,"Randomization/OCT4",-2
0.158,0.2707,0.213254553569321,2,"Randomization/OCT4",-2
0.2609,0.3396,0.105247190795311,3,"Randomization/OCT4",-3
0.1583,0.3447,0.0851605184945946,3,"Randomization/OCT4",-3
0.2397,0.4226,0.104890217562106,4,"Randomization/OCT4",-3
0.2482,0.4343,0.101333744223366,4,"Randomization/OCT4",-3
0.3701,0.6288,0.394346811591731,4,"Randomization/OCT4",-1
0.4442,0.5293,0.302352916560586,4,"Randomization/OCT4",-2
0.2668,0.4007,0.285346867896235,3,"Randomization/OCT4",-2
0.2775,0.4118,0.283978913799027,3,"Randomization/OCT4",-2
0.2826,0.4244,0.0407690154864194,3,"Randomization/OCT4",-4
0.4134,0.5,0.0778878083071492,4,"Randomization/OCT4",-3
0.4238,0.5079,0.0785542370712157,4,"Randomization/OCT4",-3
0.3082,0.5798,0.000604712852433377,4,"Randomization/OCT4",-8
0.3107,0.5816,0.000304338334003026,4,"Randomization/OCT4",-9
0.5657,0.6814,0.0749590104719923,5,"Randomization/OCT4",-3
0.1353,0.2016,0.340739357209513,3,"Randomization/OCT4",-2
0.0673,0.1594,0.273187716832796,2,"Randomization/OCT4",-2
0.2971,0.4327,0.35448742186699,4,"Randomization/OCT4",-2
0.1197,0.3253,0.249352528447104,3,"Randomization/OCT4",-2
0.1188,0.3299,0.246203580941102,3,"Randomization/OCT4",-2
0.0938,0.2868,0.446177744739026,3,"Randomization/OCT4",-1
0.0315,0.0742,0.243800333419736,1,"Randomization/OCT4",-2
0.0447,0.0802,0.26337024959995,2,"Randomization/OCT4",-2
0.0415,0.0754,0.265505136422361,2,"Randomization/OCT4",-2
0.0445,0.0826,0.182167872637444,2,"Randomization/OCT4",-2
0.0267,0.0652,0.187950275544708,1,"Randomization/OCT4",-2
0.0281,0.066,0.190074997273088,1,"Randomization/OCT4",-2
0.0794,0.235,0.151566897616906,3,"Randomization/OCT4",-2
0.0815,0.2341,0.150744085648418,3,"Randomization/OCT4",-2
0.0728,0.1755,0.102459604082806,2,"Randomization/OCT4",-3
0.1021,0.2348,0.36833930497993,2,"Randomization/OCT4",-1
0.0482,0.0823,0.216378978282506,2,"Randomization/OCT4",-2
0.024,0.0513,0.209916615396869,1,"Randomization/OCT4",-2
0.0232,0.0505,0.208706056071524,1,"Randomization/OCT4",-2
0.0261,0.0564,0.174983403141973,1,"Randomization/OCT4",-2
0.0519,0.0856,0.16431939968866,2,"Randomization/OCT4",-2
0.0513,0.0839,0.16749949506023,2,"Randomization/OCT4",-2
0.0761,0.1805,0.159065395909663,2,"Randomization/OCT4",-2
0.0772,0.1933,0.155541736610294,2,"Randomization/OCT4",-2
0.0861,0.238,0.15227171514177,3,"Randomization/OCT4",-2
0.3133,0.4477,0.451842360287561,4,"Randomization/OCT4",-1
0.1272,0.3626,0.412213329617677,3,"Randomization/OCT4",-1
0.1224,0.3576,0.417753335386608,3,"Randomization/OCT4",-1
0.3037,0.5679,0,4,"Randomization/OCT4",-Inf
0.0026,0.0125,0.168956401515082,0,"Randomization/OVOL",-2
0.0099,0.0221,0.181563822390045,1,"Randomization/OVOL",-2
0.0653,0.1451,0.0701746368458113,2,"Randomization/OVOL",-3
0.0166,0.0613,0.151040579944643,1,"Randomization/OVOL",-2
0.0174,0.0638,0.152174419542061,1,"Randomization/OVOL",-2
0.1793,0.3605,0.0479364112974888,3,"Randomization/OVOL",-4
0.0058,0.026,0.170385753405599,1,"Randomization/OVOL",-2
0.0012,0.0154,0.208039304718387,0,"Randomization/OVOL",-2
0.0285,0.0749,0.0969145721222925,1,"Randomization/OVOL",-3
0.033,0.1248,0.100860495835099,2,"Randomization/OVOL",-3
0.0311,0.1243,0.0964076858645807,2,"Randomization/OVOL",-3
0.1127,0.2362,0.0353610705686804,2,"Randomization/OVOL",-4
0.2852,0.3665,0.430586301277774,3,"Randomization/OVOL",-1
0.5873,0.646,0.0535165110310772,4,"Randomization/OVOL",-3
0.2558,0.4394,0.000148603499557492,3,"Randomization/OVOL",-9
0.2483,0.4393,0.000279569395665091,3,"Randomization/OVOL",-9
0.2355,0.3133,0.438796182709502,3,"Randomization/OVOL",-1
0.0617,0.1089,0.111368843783085,2,"Randomization/OVOL",-3
0.0181,0.0512,0.113505060657798,1,"Randomization/OVOL",-3
0.0153,0.0456,0.109792517553647,1,"Randomization/OVOL",-3
0.023,0.0611,0.185352274211492,1,"Randomization/OVOL",-2
0.0557,0.0986,0.2837276869608,2,"Randomization/OVOL",-2
0.0569,0.0991,0.280907115252114,2,"Randomization/OVOL",-2
0.1984,0.2581,0.064574849370729,3,"Randomization/OVOL",-3
0.1959,0.2532,0.0685948596110519,3,"Randomization/OVOL",-3
0.0594,0.1461,0.0738422539457054,2,"Randomization/OVOL",-3
0.0603,0.2607,0.278847349023607,3,"Randomization/OVOL",-2
0.0723,0.3026,0.197097693586781,2,"Randomization/OVOL",-2
0.2577,0.447,0,3,"Randomization/OVOL",-Inf
0.0368,0.1741,0.24104342435833,3,"Randomization/OVOLinh",-2
0.0566,0.2307,0.164364799225554,2,"Randomization/OVOLinh",-2
0.003,0.0095,0.10746251704889,1,"Randomization/OVOLinh",-3
9e-04,0.004,0.0995144250063345,0,"Randomization/OVOLinh",-3
0.088,0.3403,0.183186327394645,2,"Randomization/OVOLinh",-2
0.0269,0.0631,0.0590370927962325,2,"Randomization/OVOLinh",-3
0.0067,0.0259,0.0854717276954173,1,"Randomization/OVOLinh",-3
0.0052,0.0219,0.0909290029512421,1,"Randomization/OVOLinh",-3
0.1319,0.2604,0.0538621139123434,3,"Randomization/OVOLinh",-3
8e-04,0.0054,0.124461630055965,0,"Randomization/OVOLinh",-3
0.0015,0.0115,0.106698654175566,1,"Randomization/OVOLinh",-3
0.1167,0.4399,0.129807036977013,3,"Randomization/OVOLinh",-3
0.0104,0.0295,0.0730388629585181,1,"Randomization/OVOLinh",-3
0.0122,0.0458,0.0869378493993879,2,"Randomization/OVOLinh",-3
0.0106,0.0473,0.0802650541362434,2,"Randomization/OVOLinh",-3
0.2811,0.3652,0.182840033931552,3,"Randomization/OVOLinh",-2
0.1448,0.2615,0.012333365229253,2,"Randomization/OVOLinh",-5
0.3212,0.6364,0.042210769126903,4,"Randomization/OVOLinh",-4
0.4578,0.5304,0.0179579533880824,4,"Randomization/OVOLinh",-5
0.2417,0.3864,0.000446696586859074,3,"Randomization/OVOLinh",-8
0.1557,0.2225,0.172895856983872,3,"Randomization/OVOLinh",-2
0.1078,0.3203,0.149909838510462,3,"Randomization/OVOLinh",-2
0.0241,0.0593,0.0906450841921517,1,"Randomization/OVOLinh",-3
0.0516,0.0878,0.114123858272151,2,"Randomization/OVOLinh",-3
0.0482,0.0855,0.119750532852492,2,"Randomization/OVOLinh",-3
0.104,0.2395,0.136942359738005,2,"Randomization/OVOLinh",-2
0.0539,0.0949,0.0562702801868945,2,"Randomization/OVOLinh",-3
0.0208,0.0437,0.0486995325974112,1,"Randomization/OVOLinh",-4
0.0227,0.0453,0.048920465857765,1,"Randomization/OVOLinh",-4
0.4173,0.5488,0.0443540183946402,4,"Randomization/OVOLinh",-4
0.1165,0.3943,0.0421003531151729,3,"Randomization/OVOLinh",-4
0.1135,0.3921,0.0389498756317498,3,"Randomization/OVOLinh",-4
0.1211,0.1683,0.0222748276114012,3,"Randomization/OVOLinh",-4
0.1247,0.1734,0.0210814141258525,3,"Randomization/OVOLinh",-4
0.0494,0.1016,0.0489872780827992,2,"Randomization/OVOLinh",-4
0.2386,0.3867,0,3,"Randomization/OVOLinh",-Inf
