Boolean,JSD,heatmap,data
 ,218,203,62,107,93,199,174,109,248,61,WT,115,230,87,244,59,227,47,103,79,118,220,206,117,186,167,236,31,205,241,185,151,229,122,182,214,110,233,157,217,188,155,211,124,158,242,55,91,94,121,143,234,213
218,0.0,0.3175762776431844,0.7441475402581309,0.3176652160375299,0.34234170761419697,0.477733242461617,0.5147739099266132,0.31761120726547715,0.0505719459310571,0.38315939981822295,0.00013016675149314953,0.413692987140321,0.27133357788692597,0.6930398235668123,0.07760488687507267,0.38394524463100893,0.41375807584315577,0.7132077567560138,0.648398565881547,0.39434444398287627,0.275900809522315,0.00020829142436883997,0.07962352785360725,0.4137690726174851,0.2748721959730373,0.7086232335513583,0.1091089212575749,0.4425274603410492,0.31756916952078773,0.4138621427649049,0.4057902452492155,0.6938078625923658,0.4137213088148113,0.02417016751217948,0.5184582694297559,0.0669885032217045,0.5647618402509714,0.3176766805294461,0.2243590434856199,0.22483074114040552,0.27565153154871325,0.22423210947420474,0.41370765578551616,0.024673456876004994,0.16768824274275773,0.07867980349560516,1.0,0.33966220534954583,0.35252932377884216,0.34793328366509285,0.3963371648611608,0.10969693348724087,0.4137213088148113
203,0.3175762776431844,0.0,1.0,7.652958999188443e-05,0.45182680404658987,1.0,1.0,2.1820987943684412e-05,0.31690380965652376,0.5265818853205242,0.3106465759320871,1.0,0.6192166453338213,1.0,0.17810047974993648,0.5280844548122413,1.0,1.0,1.0,0.5462485210908092,0.3118774498070668,0.3110416571202954,0.4817217372490018,1.0,0.30926384652413164,1.0,0.4759486058995538,0.6268046056398147,1.5266114722207102e-05,1.0,0.5658800391280489,1.0,1.0,0.4784061206167475,0.6218909630914811,0.36705621372845654,1.0,8.92505845804083e-05,0.1374373524805641,0.14087617749834241,0.3112798606595749,0.1363464877902642,1.0,0.4804508855952738,0.41880352486369504,0.174399657387023,1.0,0.44670820340861495,0.7207505259093032,0.46251770232916695,0.549737405750951,0.47778098830530646,1.0
62,0.7441475402581309,1.0,0.0,1.0,0.3223499126831171,0.7280503971940842,0.10391325345878619,1.0,0.5504978277902011,0.2866377402562438,0.7531820757777664,1.0,0.6956568278206883,0.544545316372665,1.0,0.286180210689648,1.0,0.17127493939408878,0.563412740165899,0.27840883723774124,0.41309466609188566,0.7456371988677695,0.5666377104299021,1.0,0.4149649802229555,0.5390282235137408,1.0,0.2485420109293557,1.0,1.0,0.2705077973559391,0.54427594314774,1.0,0.6704766819510439,0.16926299493347802,0.5602559312205748,0.616691095107243,1.0,0.6065330004385,0.601173562402362,0.41336773046301434,0.608268421712958,1.0,0.6706333198953356,0.30920780356237376,1.0,0.4900474756001631,0.325069390145802,0.133497967234313,0.3169880281093683,0.2770980723458651,1.0,1.0
107,0.3176652160375299,7.652958999188443e-05,1.0,0.0,0.45184843750882553,1.0,1.0,1.662097445467186e-05,0.3170594049740366,0.5266166950164737,0.3106767957535835,1.0,0.6191379520387453,1.0,0.17822311449317285,0.5280384107492764,1.0,1.0,1.0,0.5462631242029247,0.31183332723122464,0.31107682697267713,0.4818257542462186,1.0,0.3094087949638307,1.0,0.4759078896116178,0.6267829264213799,0.000160152995627833,1.0,0.5659268120001131,1.0,1.0,0.47850545249482357,0.6218757057831648,0.36695022600297467,1.0,4.888156927768182e-07,0.13748893203853435,0.14088863550615577,0.31134970348430074,0.13645910047195686,1.0,0.4804619938797956,0.41873260861109235,0.17445261756534244,1.0,0.44673652141563924,0.7207360510793652,0.4624911667734318,0.5497281631985653,0.47776276674032403,1.0
93,0.3423417076141969,0.45182680404658987,0.3223499126831171,0.45184843750882553,0.0,1.0,0.428585830990993,0.45182867651460756,0.15402086477379984,0.00433945300800471,0.3478937023082086,1.0,0.7481527007661535,1.0,0.52932244011482,0.004566711112029245,1.0,0.19576136533820757,1.0,0.006797189349837741,0.018820168811824,0.34076136296909987,0.4329784819268548,1.0,0.0195398488258471,1.0,0.6715807571921772,0.0221587985148625,0.45184227333235366,1.0,0.009778348590629482,1.0,1.0,0.34991502188012436,0.31358275256984325,0.36995180306468817,1.0,0.4518535235331944,0.12620623745986764,0.12256254983934406,0.01888136001632394,0.12741543803285385,1.0,0.3510803685730561,0.1536129530786313,0.5276538824218666,1.0,2.218938086732264e-05,0.23407488161911516,0.00018124579875414314,0.007346356800386537,0.6725203482013125,1.0
199,0.47773324246161697,1.0,0.7280503971940842,1.0,1.0,0.0,0.3874549528958259,1.0,0.6514473443468288,1.0,0.4793453515462913,0.13501677137923115,0.11744922267922034,0.19079328899847767,0.5334041017151019,1.0,0.13500834861590708,1.0,0.13833886462091,1.0,1.0,0.48326075087615494,0.25944013709070063,0.13501405032513447,1.0,0.20959472472510293,0.2822866269387603,1.0,1.0,0.1350832866827232,1.0,0.1916294764740431,0.13499795133368933,0.39265565868864405,0.6590253844865488,0.35918824610001565,0.05013034877643731,1.0,1.0,1.0,1.0,1.0,0.1350007064434221,0.3912635972447418,0.5734717372490132,0.5384255160999637,0.5544494738860578,1.0,0.49873866348288176,1.0,1.0,0.2813509463597229,0.13499795133368933
174,0.5147739099266132,1.0,0.10391325345878619,1.0,0.428585830990993,0.3874549528958259,0.0,1.0,0.42089143978469445,0.40079783316268336,0.5231192044248756,0.63119783748531,0.4014931275365342,0.31846653861806107,0.7635338300929191,0.4002648059597821,0.6312159781818458,0.31169067050900656,0.3118555164382595,0.3942993328266982,0.49993362711451067,0.5181735458633678,0.3159647060725045,0.6312202441829693,0.5016064418936683,0.3220841358130918,0.6768160882661729,0.37109231184903424,1.0,0.6312598879082749,0.3882019365527349,0.31863329203460344,0.6312031761783164,0.42276725382312375,0.2192887249667073,0.3467067971128943,0.3197608482243781,1.0,0.6564324180085177,0.6520731945979612,0.5002527246876423,0.6578639720873232,0.6311995376241815,0.4223852844994328,0.22836817545877083,0.7654323058958021,0.47611446482224473,0.43070389985620317,0.06872123954478135,0.4242692629026985,0.39320444331741455,0.6765017967369666,0.6312031761783164
109,0.31761120726547715,2.1820987943684412e-05,1.0,1.662097445467186e-05,0.45182867651460756,1.0,1.0,0.0,0.3169743186688448,0.5265923869400955,0.31065000272898735,1.0,0.6191684644934168,1.0,0.17815046462927991,0.5280518138503232,1.0,1.0,1.0,0.5462486473795404,0.3118412053916554,0.3110477355876813,0.48176824059054113,1.0,0.3093285070415612,1.0,0.4759177012481639,0.6267870237005704,7.358941556337342e-05,1.0,0.5658977545056096,1.0,1.0,0.47845005139782415,0.6218767105392295,0.3669881171892628,1.0,2.2810479459943814e-05,0.13744856113618784,0.140866565866836,0.3113044590023396,0.13639026512214725,1.0,0.48044775049324434,0.41875526837757054,0.17441236061014567,1.0,0.44671353550672865,0.7207386370823194,0.4624940825603525,0.5497248722114744,0.47776213458473904,1.0
248,0.0505719459310571,0.31690380965652376,0.5504978277902011,0.3170594049740366,0.15402086477379984,0.6514473443468288,0.42089143978469445,0.31697431866884485,0.0,0.18445155286037976,0.05286704323412033,0.615607051003021,0.40768884333414,0.7786177898813982,0.17709848599778394,0.18529386904207928,0.6156838594986245,0.4815975533749445,0.7510807361027946,0.19335537127036517,0.11421659478825148,0.04969358123856448,0.1450763443360656,0.6156943649429241,0.11346960922641722,0.7883771152880612,0.27306144747997385,0.23301375775437863,0.3168669663870387,0.6157760007067713,0.2024778425287643,0.7791241308763126,0.6156457293838875,0.07483641880498862,0.3986482436743397,0.10523608994269397,0.7013341371780759,0.3170762013793787,0.1198125583026014,0.1186449703030657,0.11389272625364266,0.12017414520120515,0.6156292752430061,0.0758222441397606,0.07908356122957502,0.17694427003373234,1.0,0.15213414144579412,0.23789164964044393,0.15819170063618115,0.1950478618762382,0.27386848489574517,0.6156457293838875
61,0.383159399818223,0.5265818853205242,0.2866377402562438,0.5266166950164737,0.004339453008004708,1.0,0.40079783316268336,0.5265923869400955,0.18445155286037976,0.0,0.38967016442787666,1.0,0.7734125494220985,1.0,0.5899384059380447,0.0001864633092460372,1.0,0.14996987484532887,1.0,0.00032972235641466445,0.04093511274217571,0.38212660645153357,0.46099714796805746,1.0,0.04186078236770296,1.0,0.7082542176931528,0.007086435753354157,0.5265873324280603,1.0,0.0011250421026477659,1.0,1.0,0.37411072273806273,0.3198313532787345,0.4069580240718105,1.0,0.5266222814706223,0.17433125306609426,0.17008501252800154,0.04098908210936408,0.1757168791637868,1.0,0.37515061103127534,0.17263527380946328,0.5885755124561329,1.0,0.004976000177409835,0.22355877827343495,0.0033462684133355805,0.0005495937372393747,0.7090424383559606,1.0
WT,0.0001301667514931491,0.3106465759320871,0.7531820757777664,0.3106767957535835,0.3478937023082086,0.4793453515462913,0.5231192044248756,0.31065000272898735,0.05286704323412032,0.3896701644278767,0.0,0.41557302487869596,0.2704621172323367,0.69378862512613,0.0730423944172329,0.3905125378723393,0.41566821307848817,0.7237902245273118,0.649279163482231,0.40112987972718994,0.2793027924387456,0.00017150436909922281,0.08100148763323434,0.415682329327941,0.27821791173671584,0.7093061781863926,0.10749115900922614,0.4502354680439871,0.3106660789139531,0.415796011170245,0.41280884743441504,0.6945689200079024,0.41561862510968467,0.026780763689613008,0.5223883441606907,0.06720931514820751,0.5659839283045003,0.3106836190495876,0.2238340994189544,0.22435611890201385,0.279042121209442,0.22369964448463095,0.41559838569273094,0.027268098219139607,0.17114536965250687,0.07405889869439988,1.0,0.34515014047805903,0.359291362332166,0.35366600002776605,0.4031863881663126,0.1080827933713053,0.41561862510968467
115,0.41369298714032093,1.0,1.0,1.0,1.0,0.13501677137923113,0.63119783748531,1.0,0.615607051003021,1.0,0.41557302487869596,0.0,0.3101060683653625,0.5461319627967185,0.47902163478537024,1.0,6.648348307762477e-05,1.0,0.4667823733772375,1.0,1.0,0.4202686933632885,0.35835566469025093,8.105705724625704e-05,1.0,0.5731040755080969,0.1800570142502854,1.0,1.0,0.00021423196017861506,1.0,0.5474357196495381,2.1821031587118764e-05,0.31281129833204624,1.0,0.476343199551217,0.3096212200712559,1.0,1.0,1.0,1.0,1.0,8.338796404572376e-06,0.31112197493681304,0.724145709869852,0.4849158996351287,1.0,1.0,0.7272019665596237,1.0,1.0,0.17886715066284012,2.1821031587118764e-05
230,0.2713335778869259,0.6192166453338213,0.6956568278206883,0.6191379520387453,0.7481527007661535,0.11744922267922034,0.4014931275365342,0.6191684644934167,0.40768884333414,0.7734125494220985,0.2704621172323367,0.3101060683653625,0.0,0.19588344114080575,0.2745003646395141,0.7738554809263468,0.3100978619133199,1.0,0.1614623202024164,0.780303473802501,0.7044910416125703,0.2735904899988999,0.09941565179090636,0.3101021157562305,0.7038794884362831,0.20888080364975609,0.17381311124928425,0.8099508217804003,0.6192677895034282,0.31015472846329684,0.7873656433814631,0.1964687721926154,0.3100905000408172,0.25724242569612205,0.4218593811016769,0.13903114396319904,0.11331098392208966,0.6191337995343549,0.6552171530357278,0.6561186521738387,0.7044078022208283,0.6549687459574736,0.3100930038653583,0.2567811219934495,0.3265663797992348,0.277336417420238,0.48764085788170974,0.7464856780221512,0.34989915720083253,0.7516244687167355,0.7815175346664793,0.17375667106704246,0.3100905000408172
87,0.6930398235668123,1.0,0.544545316372665,1.0,1.0,0.19079328899847764,0.31846653861806107,1.0,0.7786177898813982,1.0,0.69378862512613,0.5461319627967185,0.19588344114080575,0.0,0.7193853188429178,1.0,0.5461476211013329,1.0,0.004867654897897301,1.0,1.0,0.6956341317655497,0.4115604600415357,0.5461523341326634,1.0,0.0005289029623262087,0.6066143232186028,1.0,1.0,0.5461983126190953,1.0,3.444060396474611e-05,0.5461343783288668,0.6543890677772168,0.39288555860301666,0.457581808060461,0.04861506273555926,1.0,1.0,1.0,1.0,1.0,0.5461313806659923,0.6537625044154567,0.5671880813639919,0.7218099721117988,0.13933534368008577,1.0,0.4202948861653216,1.0,1.0,0.6062063955427456,0.5461343783288668
244,0.07760488687507267,0.17810047974993648,1.0,0.17822311449317285,0.52932244011482,0.5334041017151019,0.763533830092919,0.17815046462927991,0.17709848599778394,0.5899384059380447,0.0730423944172329,0.4790216347853702,0.2745003646395141,0.7193853188429178,0.0,0.5912060095658541,0.47910738463793434,1.0,0.6802853784992893,0.606041235769874,0.41801083175838194,0.07562150832643794,0.1831725394059985,0.4791199713195374,0.41587637553637924,0.7330883178698049,0.10094671013242773,0.6726578534718393,0.17808595025412172,0.47922090035238407,0.622155023657728,0.7200772377213438,0.4790629899037372,0.16008556460997259,0.6685596913629128,0.14659595916805465,0.6078727708641567,0.17823829075370956,0.2825669798493452,0.2852205939050986,0.417489537819856,0.281706513343416,0.4790447393268609,0.16100148559489294,0.3179277701738385,5.337635729381839e-05,1.0,0.5251993049648191,0.5686437272660126,0.5379635828305367,0.6089144677826162,0.10187440824708296,0.4790629899037372
59,0.383945244631009,0.5280844548122413,0.286180210689648,0.5280384107492764,0.004566711112029245,1.0,0.40026480595978203,0.5280518138503232,0.18529386904207928,0.0001864633092460374,0.3905125378723393,1.0,0.7738554809263468,1.0,0.5912060095658541,0.0,1.0,0.14921834292339933,1.0,0.000288096761791287,0.041222710372788934,0.38306008063771163,0.46160755376581664,1.0,0.04259791555437178,1.0,0.708958471626848,0.006763208522065687,0.5281259334169046,1.0,0.0011351463826067562,1.0,1.0,0.37468285446211336,0.3199533590920684,0.4076484057019299,1.0,0.5280375245093906,0.17538132850376076,0.17118938544109827,0.04153187463599745,0.17680540436881786,1.0,0.37560420783192877,0.17321748227729955,0.5898074826034911,1.0,0.005204161859676419,0.22347749190566435,0.0032945344107381917,0.0003457313392926341,0.7097607360946027,1.0
227,0.41375807584315577,1.0,1.0,1.0,1.0,0.1350083486159071,0.6312159781818458,1.0,0.6156838594986245,1.0,0.41566821307848817,6.648348307762477e-05,0.31009786191331995,0.5461476211013329,0.47910738463793434,1.0,0.0,1.0,0.46689953941606843,1.0,1.0,0.4202287581216936,0.3583720864702144,7.215661022464282e-07,1.0,0.5731565788522524,0.18004093499993623,1.0,1.0,4.2031788472659225e-05,1.0,0.5474037074641763,1.2127720620093993e-05,0.3127880664159446,1.0,0.4763195426579294,0.3096960405589903,1.0,1.0,1.0,1.0,1.0,2.773166163101649e-05,0.31114599352464944,0.7241101017579148,0.4849582018263755,1.0,1.0,0.7271723293553597,1.0,1.0,0.1789448949371062,1.2127720620093993e-05
47,0.7132077567560138,1.0,0.17127493939408878,1.0,0.19576136533820757,1.0,0.31169067050900656,1.0,0.4815975533749444,0.14996987484532887,0.7237902245273118,1.0,1.0,1.0,1.0,0.1492183429233993,1.0,0.0,1.0,0.1392798109850471,0.31083752534220793,0.7150356630929103,0.7247717709622898,1.0,0.3133623782168108,1.0,1.0,0.10062781589253073,1.0,1.0,0.1291202902516429,1.0,1.0,0.6263899981087184,0.4856608358610101,0.717869548362265,1.0,1.0,0.5497251102501167,0.5432831578903394,0.31128274592320426,0.5518219623628964,1.0,0.6265498039255467,0.41814337004497903,1.0,1.0,0.19923315963956362,0.30985492532141357,0.1887741811475538,0.13751362157193964,1.0,1.0
103,0.648398565881547,1.0,0.563412740165899,1.0,1.0,0.13833886462091002,0.3118555164382595,1.0,0.7510807361027946,1.0,0.649279163482231,0.4667823733772375,0.16146232020241638,0.004867654897897302,0.6802853784992892,1.0,0.46689953941606843,1.0,0.0,1.0,1.0,0.6516516836779063,0.37095530677245814,0.46691550410467275,1.0,0.008506514366552836,0.542276462342467,1.0,1.0,0.46703933909851847,1.0,0.005025983903070097,0.4668415032378202,0.6012531336978519,0.4212543803233381,0.4271027863389778,0.023287208520559897,1.0,1.0,1.0,1.0,1.0,0.46681639508995865,0.6004421590952345,0.5575518825504976,0.6832545819644982,0.18597121681872467,1.0,0.4183981841860137,1.0,1.0,0.5416939610786996,0.4668415032378202
79,0.39434444398287627,0.5462485210908093,0.27840883723774124,0.5462631242029247,0.006797189349837739,1.0,0.3942993328266982,0.5462486473795403,0.19335537127036523,0.00032972235641466445,0.40112987972718994,1.0,0.7803034738025011,1.0,0.606041235769874,0.0002880967617912866,1.0,0.1392798109850471,1.0,0.0,0.04768299669332576,0.39355164127396225,0.46889313725669646,1.0,0.04890253935580391,1.0,0.718164369374602,0.004476404976910452,0.5462619171576867,1.0,0.00028591104578954297,1.0,1.0,0.38114601213830196,0.3222931920929409,0.4171887757819525,1.0,0.5462669519941927,0.18762447509432828,0.18328166343748337,0.04787301230981798,0.1890630623440557,1.0,0.3821016386425108,0.1786948998502184,0.6047440216901107,1.0,0.007580282357100104,0.22190229381870694,0.005354049158514304,4.156527573862369e-05,0.7189180261406205,1.0
118,0.275900809522315,0.3118774498070667,0.4130946660918856,0.31183332723122464,0.018820168811823995,1.0,0.4999336271145106,0.3118412053916554,0.11421659478825148,0.04093511274217571,0.2793027924387457,1.0,0.7044910416125705,1.0,0.41801083175838194,0.041222710372788934,1.0,0.310837525342208,1.0,0.04768299669332576,0.0,0.27321254449430277,0.39077608636476024,1.0,0.0003119782000187022,1.0,0.6067952630188196,0.08013027232932983,0.31193008922666926,1.0,0.05505679369583561,1.0,1.0,0.3178010185829811,0.3192139596759727,0.31074574219814693,1.0,0.3118342002290262,0.0494938325478013,0.047219618083574805,0.00010254224007842216,0.05031106390864103,1.0,0.3191676996175702,0.13763902634863415,0.41571359140155184,1.0,0.017570771055144454,0.2761662264337379,0.02141762885645574,0.04888616189162111,0.6080267588557602,1.0
220,0.0002082914243688402,0.3110416571202954,0.7456371988677696,0.31107682697267713,0.3407613629690999,0.48326075087615505,0.5181735458633678,0.3110477355876813,0.04969358123856448,0.3821266064515336,0.0001715043690992226,0.4202686933632885,0.2735904899988999,0.6956341317655497,0.07562150832643794,0.3830600806377117,0.4202287581216936,0.7150356630929103,0.6516516836779063,0.3935516412739623,0.27321254449430277,0.0,0.08131060643714871,0.42022875696986134,0.27202856781300355,0.7110725207748503,0.1113428699918495,0.44236612624707267,0.3110589272717215,0.4202486149719874,0.4051257164612657,0.6963417405136041,0.42023696741533767,0.026289000909309725,0.5175836399552798,0.0668216787846192,0.569092292117725,0.3110840429293663,0.21977946282556599,0.22020189776773744,0.27288771525674826,0.21966252785294105,0.4202462800552189,0.026871601812644856,0.16667784485845225,0.07655515831725775,1.0,0.3380510981858792,0.35385662096378284,0.3465477132318582,0.39563598353637214,0.11204293838447138,0.42023696741533767
206,0.07962352785360725,0.4817217372490018,0.5666377104299021,0.4818257542462186,0.4329784819268548,0.2594401370907007,0.3159647060725045,0.48176824059054113,0.1450763443360656,0.46099714796805746,0.08100148763323435,0.35835566469025093,0.09941565179090636,0.4115604600415356,0.1831725394059985,0.46160755376581664,0.35837208647021446,0.7247717709622898,0.37095530677245814,0.46889313725669646,0.3907760863647602,0.0813106064371487,0.0,0.35837849092007146,0.3900891954511615,0.4262044695517242,0.1418392697023553,0.5037131492876967,0.48169874874147434,0.3584433846271231,0.47701718441359064,0.412271405273536,0.35835508889236906,0.06956599011816009,0.3493536778137019,0.015035625587067739,0.302557567730596,0.4818372023365884,0.36868339201985634,0.3685800253934873,0.39056720604130524,0.3687207078760125,0.3583521478063395,0.06966133818715328,0.12303131280664698,0.18528032532909497,0.7153436796893493,0.4311805017909723,0.20988421445412525,0.43678493020413256,0.4703284086533709,0.1420598354510458,0.35835508889236906
117,0.4137690726174851,1.0,1.0,1.0,1.0,0.13501405032513447,0.6312202441829693,1.0,0.6156943649429241,1.0,0.415682329327941,8.105705724625704e-05,0.3101021157562305,0.5461523341326634,0.4791199713195374,1.0,7.215661022464282e-07,1.0,0.46691550410467275,1.0,1.0,0.42022875696986134,0.35837849092007146,0.0,1.0,0.5731649039108155,0.18004546829243798,1.0,1.0,3.173917355297736e-05,1.0,0.5474034431996787,1.8765649869602807e-05,0.3127907317542301,1.0,0.4763207544190796,0.30970894796128057,1.0,1.0,1.0,1.0,1.0,3.739967017356944e-05,0.31115359573307094,0.7241080367589063,0.4849662116089557,1.0,1.0,0.7271708632856687,1.0,1.0,0.1789592120653328,1.8765649869602807e-05
186,0.2748721959730373,0.3092638465241317,0.4149649802229555,0.3094087949638307,0.0195398488258471,1.0,0.5016064418936683,0.3093285070415612,0.11346960922641722,0.04186078236770295,0.2782179117367158,1.0,0.7038794884362831,1.0,0.41587637553637924,0.04259791555437178,1.0,0.3133623782168108,1.0,0.0489025393558039,0.0003119782000187022,0.27202856781300355,0.3900891954511615,1.0,0.0,1.0,0.6057435518519193,0.08182071203544299,0.30923218257095053,1.0,0.05623971645628707,1.0,1.0,0.31731503784458065,0.3196784154592934,0.3099918533975827,1.0,0.30942479712275334,0.04823244617877437,0.04593644325934925,5.8872998276625604e-05,0.048961630082239915,1.0,0.31887614960793453,0.13756479282317186,0.4136597195214113,1.0,0.018272203332801277,0.27725323344160424,0.022490864625751776,0.05029861161728055,0.6069465448620768,1.0
167,0.7086232335513583,1.0,0.5390282235137408,1.0,1.0,0.20959472472510293,0.3220841358130919,1.0,0.7883771152880612,1.0,0.7093061781863926,0.5731040755080969,0.20888080364975609,0.0005289029623262078,0.7330883178698049,1.0,0.5731565788522524,1.0,0.008506514366552836,1.0,1.0,0.7110725207748503,0.4262044695517242,0.5731649039108155,1.0,0.0,0.6287601444044331,1.0,1.0,0.5732337576367361,1.0,0.0005594304837638793,0.5731280812943944,0.6728595180397292,0.38455133171937517,0.46886689514480684,0.05886611437076215,1.0,1.0,1.0,1.0,1.0,0.5731169925550532,0.6722630038427104,0.5713250159788071,0.7353622201935566,0.1255297105373841,1.0,0.4221411868723757,1.0,1.0,0.6283538856645877,0.5731280812943944
236,0.10910892125757489,0.47594860589955384,1.0,0.4759078896116178,0.6715807571921772,0.2822866269387603,0.6768160882661729,0.475917701248164,0.2730614474799739,0.7082542176931528,0.10749115900922615,0.1800570142502854,0.17381311124928428,0.6066143232186028,0.10094671013242773,0.7089584716268479,0.18004093499993623,1.0,0.542276462342467,0.7181643693746019,0.6067952630188196,0.1113428699918495,0.1418392697023553,0.18004546829243798,0.6057435518519192,0.6287601444044331,0.0,0.7601559995409359,0.4759905830328932,0.18010518519815055,0.7282200447822453,0.607655607432847,0.1800345965334812,0.10434593848962195,0.7575299440077592,0.1816494186890456,0.41740679243399414,0.4759078136689125,0.5317439063599113,0.5331542256690354,0.6065923221710765,0.5313245812661159,0.18003897504163213,0.1039776112633304,0.4108470575980764,0.1040784538972116,1.0,0.6691321113979207,0.5699781520997016,0.6766981923828206,0.7199224056043037,3.9217188393909116e-05,0.1800345965334812
31,0.4425274603410492,0.6268046056398147,0.2485420109293557,0.6267829264213798,0.0221587985148625,1.0,0.3710923118490342,0.6267870237005704,0.23301375775437863,0.007086435753354159,0.4502354680439871,1.0,0.8099508217804003,1.0,0.6726578534718393,0.0067632085220656855,1.0,0.10062781589253073,1.0,0.004476404976910452,0.08013027232932983,0.4423661262470727,0.5037131492876967,1.0,0.08182071203544299,1.0,0.7601559995409358,0.0,0.6268298825118279,1.0,0.0025905271069554398,1.0,1.0,0.4128712138006978,0.3361508774626568,0.46140334368473174,1.0,0.6267832768222884,0.24447492428427176,0.23962152711814527,0.08047169515059041,0.24609493465836213,1.0,0.41361736530558924,0.20714454022005252,0.6716405470143172,1.0,0.02354281607611906,0.2195290692677192,0.019387717464064005,0.004081181328994529,0.7607607698393559,1.0
205,0.31756916952078773,1.5266114722207102e-05,1.0,0.000160152995627833,0.45184227333235366,1.0,1.0,7.358941556337342e-05,0.3168669663870387,0.5265873324280603,0.3106660789139531,1.0,0.6192677895034282,1.0,0.17808595025412172,0.5281259334169046,1.0,1.0,1.0,0.5462619171576867,0.3119300892266692,0.31105892727172146,0.48169874874147434,1.0,0.30923218257095053,1.0,0.4759905830328932,0.6268298825118279,0.0,1.0,0.5658779989295833,1.0,1.0,0.47838540857897827,0.6219136306033464,0.36713341453337,1.0,0.00017833651340084904,0.13745672437081682,0.14091284091200912,0.3112816309599499,0.13633865705913467,1.0,0.4804694652330145,0.4188621728127406,0.17441644626715422,1.0,0.4467209720874037,0.7207677916445675,0.4625540916323772,0.5497612624047596,0.4778128163516465,1.0
241,0.4138621427649049,1.0,1.0,1.0,1.0,0.1350832866827232,0.6312598879082749,1.0,0.6157760007067713,1.0,0.41579601117024495,0.00021423196017861506,0.31015472846329684,0.5461983126190953,0.47922090035238407,1.0,4.2031788472659225e-05,1.0,0.46703933909851847,1.0,1.0,0.4202486149719874,0.3584433846271231,3.173917355297736e-05,1.0,0.5732337576367361,0.18010518519815055,1.0,1.0,0.0,1.0,0.5474163573724087,9.931323199445681e-05,0.312832698525669,1.0,0.47634635040339046,0.30981897154103094,1.0,1.0,1.0,1.0,1.0,0.00013804228255820134,0.3112283734709629,0.7241021958885907,0.48503654348830805,1.0,1.0,0.7271688844858641,1.0,1.0,0.17908386130067952,9.931323199445681e-05
185,0.4057902452492155,0.5658800391280489,0.2705077973559391,0.5659268120001131,0.009778348590629482,1.0,0.3882019365527349,0.5658977545056095,0.20247784252876427,0.0011250421026477659,0.41280884743441504,1.0,0.7873656433814631,1.0,0.622155023657728,0.0011351463826067545,1.0,0.1291202902516429,1.0,0.00028591104578954297,0.05505679369583562,0.4051257164612657,0.4770171844135906,1.0,0.05623971645628707,1.0,0.7282200447822453,0.0025905271069554363,0.5658779989295833,1.0,0.0,1.0,1.0,0.38844196944869525,0.32517688044537657,0.4276905808951304,1.0,0.5659330681788596,0.20112777840933466,0.19664076671765962,0.05519486346941105,0.20259480982454064,1.0,0.3893952136877141,0.18505092029469933,0.620949168338848,1.0,0.010713829846102797,0.22067974299701737,0.008084590480555556,0.0002682475357596893,0.7289281270042387,1.0
151,0.6938078625923658,1.0,0.54427594314774,1.0,1.0,0.1916294764740431,0.31863329203460344,1.0,0.7791241308763126,1.0,0.6945689200079023,0.5474357196495381,0.19646877219261544,3.4440603964745894e-05,0.7200772377213438,1.0,0.5474037074641763,1.0,0.005025983903070097,1.0,1.0,0.6963417405136041,0.412271405273536,0.5474034431996787,1.0,0.0005594304837638793,0.607655607432847,1.0,1.0,0.5474163573724087,1.0,0.0,0.5474108481938855,0.6552507643877121,0.39248536551514845,0.4581175611241769,0.049107095464675475,1.0,1.0,1.0,1.0,1.0,0.5474182766833767,0.6546475973019865,0.5673492166363338,0.7224713504842408,0.138668946801128,1.0,0.4203183675081591,1.0,1.0,0.6072870473603268,0.5474108481938855
229,0.4137213088148113,1.0,1.0,1.0,1.0,0.1349979513336893,0.6312031761783164,1.0,0.6156457293838874,1.0,0.41561862510968467,2.1821031587118764e-05,0.3100905000408172,0.5461343783288668,0.4790629899037372,1.0,1.2127720620093993e-05,1.0,0.46684150323782025,1.0,1.0,0.42023696741533767,0.35835508889236906,1.8765649869602807e-05,1.0,0.5731280812943944,0.1800345965334812,1.0,1.0,9.931323199445681e-05,1.0,0.5474108481938854,0.0,0.31278717123529953,1.0,0.4763218267307692,0.30965320938683594,1.0,1.0,1.0,1.0,1.0,3.1812632785854517e-06,0.3111248869916594,0.7241218116911405,0.48493247116379745,1.0,1.0,0.7271815382963245,1.0,1.0,0.1788984640891025,0.0
122,0.02417016751217948,0.4784061206167475,0.6704766819510439,0.47850545249482357,0.3499150218801244,0.39265565868864405,0.4227672538231238,0.47845005139782415,0.07483641880498862,0.3741107227380628,0.026780763689613008,0.3128112983320463,0.25724242569612205,0.6543890677772168,0.1600855646099726,0.3746828544621134,0.3127880664159446,0.6263899981087184,0.6012531336978519,0.38114601213830196,0.31780101858298104,0.026289000909309728,0.06956599011816007,0.31279073175423006,0.3173150378445807,0.6728595180397292,0.10434593848962197,0.4128712138006978,0.47838540857897827,0.312832698525669,0.38844196944869525,0.6552507643877121,0.3127871712352995,0.0,0.5215306170404006,0.08959062243927805,0.49994632500734326,0.4785165507132383,0.31866493842465443,0.3178916508077285,0.3176156366541738,0.3189186822094186,0.31279295860654965,5.415536623607479e-05,0.1788453413113211,0.16245175306406584,1.0,0.34841256337810955,0.3041965950982759,0.3531517257318155,0.38244951481276535,0.10454303875715562,0.3127871712352995
182,0.5184582694297559,0.6218909630914811,0.16926299493347802,0.6218757057831648,0.31358275256984325,0.6590253844865488,0.2192887249667073,0.6218767105392295,0.3986482436743397,0.3198313532787345,0.5223883441606906,1.0,0.42185938110167687,0.39288555860301666,0.6685596913629128,0.31995335909206835,1.0,0.48566083586101005,0.42125438032333806,0.3222931920929409,0.31921395967597277,0.5175836399552798,0.3493536778137019,1.0,0.3196784154592934,0.38455133171937517,0.7575299440077592,0.33615087746265687,0.6219136306033464,1.0,0.32517688044537657,0.39248536551514845,1.0,0.5215306170404006,0.0,0.30831182392510803,0.5002104080318857,0.6218766040249557,0.3814597499481932,0.37919750828351484,0.3192960834272119,0.38223218856836905,1.0,0.5222448302621747,0.16996728673083705,0.6675281480341692,0.3099323679211212,0.31336313545005456,0.1107490250592371,0.31412006609636345,0.3227731676413227,0.7581427024917876,1.0
214,0.0669885032217045,0.36705621372845654,0.5602559312205748,0.36695022600297467,0.36995180306468817,0.35918824610001565,0.3467067971128943,0.3669881171892628,0.105236089942694,0.40695802407181036,0.0672093151482075,0.47634319955121696,0.13903114396319904,0.4575818080604611,0.14659595916805468,0.4076484057019299,0.4763195426579294,0.717869548362265,0.4271027863389778,0.4171887757819525,0.3107457421981469,0.0668216787846192,0.015035625587067739,0.4763207544190796,0.3099918533975827,0.4688668951448069,0.1816494186890456,0.46140334368473174,0.36713341453337,0.47634635040339046,0.4276905808951303,0.4581175611241769,0.4763218267307692,0.08959062243927805,0.30831182392510803,0.0,0.3791469337271233,0.36694574472182195,0.2680994340573749,0.2683053093874899,0.31061717369782665,0.26810562727496556,0.47632751155461434,0.09002769568250231,0.08210001466045325,0.14735476984567375,0.7145621909869673,0.3675506638491187,0.2041693404060369,0.3750022855244198,0.41901701128183416,0.18232144886345622,0.4763218267307692
110,0.5647618402509713,1.0,0.616691095107243,1.0,1.0,0.05013034877643731,0.3197608482243781,1.0,0.7013341371780759,1.0,0.5659839283045003,0.3096212200712559,0.11331098392208964,0.04861506273555925,0.6078727708641567,1.0,0.3096960405589903,1.0,0.0232872085205599,1.0,1.0,0.569092292117725,0.30255756773059594,0.30970894796128057,1.0,0.05886611437076215,0.41740679243399414,1.0,1.0,0.30981897154103094,1.0,0.04910709546467547,0.30965320938683594,0.49994632500734326,0.5002104080318857,0.37914693372712327,0.0,1.0,1.0,1.0,1.0,1.0,0.3096375519386797,0.4988621554032569,0.5499942516847025,0.6118188720151803,0.3129500213248093,1.0,0.43242719709664407,1.0,1.0,0.41665494350234106,0.30965320938683594
233,0.3176766805294461,8.92505845804083e-05,1.0,4.888156927768182e-07,0.4518535235331944,1.0,1.0,2.2810479459943814e-05,0.3170762013793787,0.5266222814706223,0.3106836190495876,1.0,0.6191337995343549,1.0,0.17823829075370956,0.5280375245093906,1.0,1.0,1.0,0.5462669519941927,0.3118342002290262,0.3110840429293663,0.48183720233658844,1.0,0.30942479712275334,1.0,0.4759078136689125,0.6267832768222884,0.00017833651340084904,1.0,0.5659330681788596,1.0,1.0,0.4785165507132383,0.6218766040249557,0.36694574472182195,1.0,0.0,0.1374987191146505,0.14089527190965168,0.31135968860182955,0.13647377264982719,1.0,0.4804660262677697,0.41873054425940065,0.17446225232286325,1.0,0.4467421797295399,0.7207363369471538,0.46249232378764543,0.5497300598660562,0.47776447493607666,1.0
157,0.2243590434856199,0.1374373524805641,0.6065330004385,0.13748893203853435,0.12620623745986764,1.0,0.6564324180085177,0.13744856113618784,0.1198125583026014,0.17433125306609426,0.2238340994189544,1.0,0.6552171530357278,1.0,0.2825669798493452,0.17538132850376076,1.0,0.5497251102501167,1.0,0.18762447509432825,0.04949383254780129,0.21977946282556599,0.36868339201985634,1.0,0.048232446178774376,1.0,0.5317439063599112,0.24447492428427176,0.13745672437081682,1.0,0.20112777840933466,1.0,1.0,0.31866493842465443,0.3814597499481932,0.26809943405737496,1.0,0.1374987191146505,0.0,5.090319366385192e-05,0.049143889383939335,1.550426954721149e-05,1.0,0.3204812516618475,0.18004885730545364,0.27951759065493376,1.0,0.12306581255968203,0.4001994021424989,0.13289368554452888,0.19004412887923572,0.5333074315772557,1.0
217,0.22483074114040555,0.14087617749834241,0.601173562402362,0.14088863550615577,0.12256254983934406,1.0,0.6520731945979612,0.140866565866836,0.1186449703030657,0.1700850125280015,0.22435611890201385,1.0,0.6561186521738387,1.0,0.2852205939050986,0.17118938544109824,1.0,0.5432831578903395,1.0,0.18328166343748334,0.047219618083574784,0.22020189776773746,0.36858002539348733,1.0,0.045936443259349244,1.0,0.5331542256690354,0.23962152711814527,0.14091284091200912,1.0,0.19664076671765962,1.0,1.0,0.3178916508077285,0.3791975082835149,0.2683053093874899,1.0,0.14089527190965168,5.090319366385192e-05,0.0,0.04684941835101336,0.0001014133628246377,1.0,0.3196966768493941,0.17794898536931797,0.282169049812109,1.0,0.11947064845221139,0.3963993671214636,0.12921445279056232,0.18570929596343677,0.5347171570211411,1.0
188,0.27565153154871325,0.3112798606595749,0.41336773046301434,0.31134970348430074,0.01888136001632394,1.0,0.5002527246876423,0.3113044590023396,0.11389272625364266,0.040989082109364076,0.27904212120944194,1.0,0.7044078022208283,1.0,0.417489537819856,0.04153187463599745,1.0,0.31128274592320426,1.0,0.04787301230981796,0.00010254224007842216,0.2728877152567483,0.3905672060413052,1.0,5.887299827662517e-05,1.0,0.6065923221710765,0.08047169515059041,0.3112816309599499,1.0,0.05519486346941106,1.0,1.0,0.31761563665417375,0.31929608342721194,0.31061717369782665,1.0,0.31135968860182955,0.04914388938393933,0.04684941835101337,0.0,0.0499116757500107,1.0,0.3190951937784214,0.13753779222707105,0.41524526513296606,1.0,0.01763011519747433,0.27632614331601996,0.02166208914951788,0.04918077606070582,0.6078046586325629,1.0
155,0.22423210947420474,0.1363464877902642,0.608268421712958,0.13645910047195686,0.12741543803285382,1.0,0.6578639720873232,0.13639026512214725,0.12017414520120513,0.1757168791637868,0.22369964448463095,1.0,0.6549687459574736,1.0,0.281706513343416,0.17680540436881786,1.0,0.5518219623628964,1.0,0.1890630623440557,0.05031106390864103,0.21966252785294108,0.3687207078760126,1.0,0.04896163008223992,1.0,0.5313245812661159,0.24609493465836213,0.13633865705913467,1.0,0.20259480982454064,1.0,1.0,0.3189186822094186,0.382232188568369,0.26810562727496556,1.0,0.13647377264982719,1.550426954721149e-05,0.0001014133628246378,0.04991167575001071,0.0,1.0,0.3207749546778133,0.18077213008970117,0.27868061830303265,1.0,0.1242587611249598,0.4014545602054663,0.1341509864386962,0.1915006576202829,0.5328805397636125,1.0
211,0.41370765578551616,1.0,1.0,1.0,1.0,0.1350007064434221,0.6311995376241814,1.0,0.6156292752430061,1.0,0.41559838569273094,8.338796404572376e-06,0.3100930038653583,0.5461313806659923,0.4790447393268609,1.0,2.773166163101649e-05,1.0,0.46681639508995865,1.0,1.0,0.4202462800552189,0.35835214780633956,3.739967017356944e-05,1.0,0.5731169925550532,0.18003897504163213,1.0,1.0,0.00013804228255820134,1.0,0.5474182766833766,3.1812632785854517e-06,0.31279295860654965,1.0,0.4763275115546144,0.3096375519386797,1.0,1.0,1.0,1.0,1.0,0.0,0.3111203404953,0.724129828910017,0.4849237175467396,1.0,1.0,0.7271882462068069,1.0,1.0,0.1788823203337293,3.1812632785854517e-06
124,0.024673456876004994,0.4804508855952739,0.6706333198953355,0.48046199387979555,0.351080368573056,0.3912635972447418,0.4223852844994328,0.48044775049324434,0.0758222441397606,0.37515061103127534,0.0272680982191396,0.31112197493681304,0.2567811219934495,0.6537625044154567,0.1610014855948929,0.3756042078319287,0.31114599352464944,0.6265498039255467,0.6004421590952346,0.3821016386425108,0.31916769961757013,0.026871601812644856,0.06966133818715328,0.31115359573307094,0.31887614960793453,0.6722630038427104,0.1039776112633304,0.41361736530558924,0.4804694652330145,0.3112283734709629,0.3893952136877142,0.6546475973019865,0.3111248869916594,5.41553662360749e-05,0.5222448302621747,0.09002769568250234,0.4988621554032569,0.4804660262677697,0.3204812516618475,0.31969667684939407,0.3190951937784214,0.3207749546778133,0.3111203404953,0.0,0.17970210073975598,0.1633605298203029,1.0,0.34959108352903256,0.3044476378850669,0.35422136863538456,0.3833564658801458,0.10415065784284176,0.3111248869916594
158,0.16768824274275773,0.41880352486369504,0.3092078035623737,0.41873260861109235,0.15361295307863132,0.5734717372490132,0.22836817545877083,0.41875526837757054,0.07908356122957502,0.1726352738094633,0.17114536965250687,0.724145709869852,0.32656637979923475,0.567188081363992,0.3179277701738385,0.17321748227729955,0.7241101017579148,0.4181433700449791,0.5575518825504975,0.1786948998502184,0.13763902634863417,0.16667784485845227,0.123031312806647,0.7241080367589063,0.13756479282317188,0.5713250159788071,0.4108470575980764,0.20714454022005258,0.4188621728127406,0.7241021958885907,0.18505092029469936,0.5673492166363336,0.7241218116911405,0.1788453413113211,0.16996728673083708,0.08210001466045327,0.5499942516847024,0.41873054425940065,0.18004885730545367,0.17794898536931797,0.13753779222707105,0.18077213008970117,0.724129828910017,0.17970210073975595,0.0,0.3173873980361776,0.7112449368635281,0.15255464298925742,0.07074721361608541,0.15610019402322045,0.17989149941223348,0.4116960506792329,0.7241218116911405
242,0.07867980349560516,0.174399657387023,1.0,0.17445261756534247,0.5276538824218666,0.5384255160999637,0.7654323058958021,0.17441236061014567,0.17694427003373234,0.5885755124561329,0.07405889869439988,0.4849158996351287,0.277336417420238,0.7218099721117988,5.3376357293818445e-05,0.5898074826034911,0.4849582018263755,1.0,0.6832545819644982,0.6047440216901108,0.41571359140155184,0.07655515831725775,0.185280325329095,0.4849662116089557,0.4136597195214113,0.7353622201935566,0.1040784538972116,0.6716405470143172,0.17441644626715425,0.48503654348830805,0.620949168338848,0.7224713504842408,0.48493247116379745,0.16245175306406584,0.667528148034169,0.14735476984567378,0.6118188720151803,0.17446225232286328,0.27951759065493376,0.282169049812109,0.4152452651329661,0.2786806183030327,0.4849237175467396,0.1633605298203029,0.3173873980361776,0.0,1.0,0.52351310069641,0.5692466015875345,0.5363143500609828,0.607618330600866,0.10506610919443753,0.48493247116379745
55,1.0,1.0,0.49004747560016315,1.0,1.0,0.5544494738860577,0.47611446482224473,1.0,1.0,1.0,1.0,1.0,0.48764085788170974,0.13933534368008577,1.0,1.0,1.0,1.0,0.18597121681872464,1.0,1.0,1.0,0.7153436796893493,1.0,1.0,0.1255297105373841,1.0,1.0,1.0,1.0,1.0,0.13866894680112804,1.0,1.0,0.3099323679211212,0.7145621909869673,0.31295002132480926,1.0,1.0,1.0,1.0,1.0,1.0,1.0,0.711244936863528,1.0,0.0,1.0,0.5407552409983386,1.0,1.0,1.0,1.0
91,0.33966220534954583,0.44670820340861495,0.325069390145802,0.4467365214156393,2.218938086732264e-05,1.0,0.4307038998562032,0.4467135355067287,0.15213414144579415,0.004976000177409833,0.34515014047805903,1.0,0.7464856780221512,1.0,0.5251993049648193,0.005204161859676419,1.0,0.19923315963956365,1.0,0.0075802823571001,0.017570771055144454,0.3380510981858792,0.4311805017909722,1.0,0.018272203332801277,1.0,0.6691321113979207,0.02354281607611906,0.44672097208740363,1.0,0.010713829846102793,1.0,1.0,0.34841256337810955,0.31336313545005456,0.3675506638491187,1.0,0.4467421797295399,0.12306581255968205,0.11947064845221139,0.01763011519747433,0.12425876112495982,1.0,0.34959108352903256,0.15255464298925742,0.52351310069641,1.0,0.0,0.23506238412733832,0.00028437321082316154,0.008150833514491349,0.670080600908818,1.0
94,0.35252932377884205,0.7207505259093032,0.133497967234313,0.7207360510793652,0.23407488161911516,0.49873866348288165,0.06872123954478135,0.7207386370823194,0.2378916496404439,0.22355877827343495,0.3592913623321661,0.7272019665596237,0.34989915720083253,0.4202948861653216,0.5686437272660125,0.22347749190566432,0.7271723293553597,0.30985492532141357,0.4183981841860137,0.2219022938187069,0.2761662264337379,0.3538566209637828,0.20988421445412525,0.7271708632856688,0.27725323344160424,0.4221411868723756,0.5699781520997017,0.21952906926771917,0.7207677916445676,0.7271688844858641,0.22067974299701737,0.4203183675081591,0.7271815382963245,0.3041965950982759,0.11074902505923712,0.2041693404060369,0.4324271970966441,0.7207363369471538,0.40019940214249883,0.3963993671214636,0.27632614331601996,0.4014545602054663,0.7271882462068068,0.30444763788506696,0.07074721361608541,0.5692466015875346,0.5407552409983386,0.23506238412733832,0.0,0.23222268891339107,0.2217101014947799,0.5702278164617831,0.7271815382963245
121,0.34793328366509285,0.4625177023291669,0.3169880281093683,0.4624911667734318,0.0001812457987541427,1.0,0.4242692629026985,0.4624940825603525,0.15819170063618115,0.0033462684133355805,0.35366600002776605,1.0,0.7516244687167355,1.0,0.5379635828305367,0.0032945344107381917,1.0,0.1887741811475538,1.0,0.005354049158514304,0.02141762885645574,0.3465477132318582,0.43678493020413256,1.0,0.022490864625751776,1.0,0.6766981923828206,0.019387717464064008,0.4625540916323772,1.0,0.008084590480555556,1.0,1.0,0.3531517257318155,0.31412006609636345,0.3750022855244198,1.0,0.4624923237876454,0.1328936855445289,0.12921445279056232,0.021662089149517887,0.13415098643869622,1.0,0.35422136863538456,0.15610019402322045,0.5363143500609828,1.0,0.00028437321082316154,0.2322226889133911,0.0,0.005739721918354286,0.6776260787695416,1.0
143,0.3963371648611608,0.549737405750951,0.27709807234586503,0.5497281631985653,0.007346356800386542,1.0,0.39320444331741455,0.5497248722114744,0.1950478618762382,0.0005495937372393757,0.4031863881663126,1.0,0.7815175346664793,1.0,0.6089144677826162,0.0003457313392926345,1.0,0.13751362157193964,1.0,4.156527573862369e-05,0.0488861618916211,0.39563598353637214,0.4703284086533709,1.0,0.050298611617280574,1.0,0.7199224056043037,0.004081181328994529,0.5497612624047596,1.0,0.0002682475357596893,1.0,1.0,0.38244951481276535,0.3227731676413227,0.4190170112818342,1.0,0.5497300598660562,0.19004412887923572,0.18570929596343677,0.04918077606070581,0.1915006576202829,1.0,0.3833564658801459,0.17989149941223348,0.607618330600866,1.0,0.008150833514491354,0.22171010149477993,0.005739721918354281,0.0,0.7206743004154923,1.0
234,0.10969693348724088,0.47778098830530646,1.0,0.47776276674032403,0.6725203482013125,0.2813509463597229,0.6765017967369668,0.477762134584739,0.2738684848957451,0.7090424383559606,0.1080827933713053,0.17886715066284012,0.17375667106704246,0.6062063955427455,0.10187440824708296,0.7097607360946026,0.1789448949371062,1.0,0.5416939610786996,0.7189180261406205,0.6080267588557603,0.11204293838447138,0.14205983545104583,0.1789592120653328,0.6069465448620768,0.6283538856645877,3.921718839390902e-05,0.7607607698393559,0.47781281635164646,0.17908386130067952,0.7289281270042387,0.6072870473603269,0.1788984640891025,0.10454303875715562,0.7581427024917876,0.1823214488634562,0.416654943502341,0.47776447493607666,0.5333074315772557,0.5347171570211411,0.6078046586325629,0.5328805397636125,0.1788823203337293,0.10415065784284175,0.4116960506792329,0.10506610919443751,1.0,0.670080600908818,0.5702278164617831,0.6776260787695416,0.7206743004154923,0.0,0.1788984640891025
213,0.4137213088148113,1.0,1.0,1.0,1.0,0.1349979513336893,0.6312031761783164,1.0,0.6156457293838874,1.0,0.41561862510968467,2.1821031587118764e-05,0.3100905000408172,0.5461343783288668,0.4790629899037372,1.0,1.2127720620093993e-05,1.0,0.46684150323782025,1.0,1.0,0.42023696741533767,0.35835508889236906,1.8765649869602807e-05,1.0,0.5731280812943944,0.1800345965334812,1.0,1.0,9.931323199445681e-05,1.0,0.5474108481938854,0.0,0.31278717123529953,1.0,0.4763218267307692,0.30965320938683594,1.0,1.0,1.0,1.0,1.0,3.1812632785854517e-06,0.3111248869916594,0.7241218116911405,0.48493247116379745,1.0,1.0,0.7271815382963245,1.0,1.0,0.1788984640891025,0.0

RACIPE,JSD,heatmap,data
 ,218,203,62,107,93,199,174,109,248,61,WT,115,230,87,244,59,227,47,103,79,118,220,206,117,186,167,236,31,205,241,185,151,229,122,182,214,110,233,157,217,188,155,211,124,158,242,55,91,94,121,143,234,213
218,0.0,0.03305123373620336,0.3424077989423191,0.1877153050268584,0.21364610465488987,0.3139556761476292,0.26846118353551185,0.19104867595103647,0.04784209759619329,0.3029228977399494,0.0012486880015442656,0.20434531074040124,0.3738837194346514,0.29454363418386476,0.18316873863630218,0.30868167487773385,0.2625454501281024,0.32076809210095325,0.25696921527472677,0.23716929180487967,0.19500256797256932,0.001218446961491114,0.07969879130517982,0.21233813586885947,0.11778661765182216,0.28979795727326496,0.15227921979305725,0.42105887535260766,0.030123719737875705,0.21295892380893328,0.18597777987635297,0.26925073944808786,0.2602317212222159,0.17926270971459268,0.1979543529516088,0.22708270286669424,0.24390040894390652,0.14507126492957706,0.06668045817218268,0.01644544515729361,0.1219175491027895,0.06025370224236523,0.26771124507830446,0.1722535538618383,0.05009765334798217,0.18564455991741075,0.31111441463764467,0.23023822130180072,0.2622278579768267,0.2275155987550691,0.1322829546889137,0.14979017392149768,0.2605598194801557
203,0.03305123373620336,0.0,0.2843705060792836,0.09252835533311818,0.15374343548798064,0.1719284187463719,0.15330086092008793,0.09456014597211465,0.03253006727996273,0.21680979864950364,0.03469807837072242,0.10025342979389792,0.21503710623836753,0.17678724905296928,0.08726462614534675,0.22062015371226584,0.13008019418665373,0.21997618190088855,0.14248237113337253,0.1506339556513992,0.10679749048037798,0.035525135341627406,0.02027764189572914,0.10666218296410261,0.06862039778597254,0.1650788806909157,0.05784654800231509,0.37118812637600296,0.002146717534939984,0.1021683643276954,0.10272073520846943,0.1425196260366555,0.129482045289199,0.11247427170198368,0.11528044454857016,0.10761664356501474,0.1318880807383357,0.05983403255013771,0.024081437429772125,0.008916466734513486,0.07084535763870063,0.017295909782667068,0.13781238586499955,0.10657763492895808,0.05650013007792779,0.08751782502411216,0.20664933292971263,0.1679383989977889,0.22939347305127852,0.12474534010468917,0.0670070797527888,0.053740190449720907,0.13535784631817777
62,0.342407798942319,0.2843705060792836,0.0,0.10798042695366857,0.037166298628277,0.3528275296241028,0.09968497819247171,0.1154540995446856,0.1842560794857676,0.022555583793042518,0.3420754158595583,0.12097885289654614,0.2676333904715083,0.12659747039749072,0.13569370292412533,0.02292361303876544,0.24007936106595001,0.036375157661819216,0.14197325041803582,0.04700894041656417,0.08467572442109612,0.34529059919815597,0.21989022722645596,0.12076140838496473,0.11478760717708136,0.13550423145704923,0.20889811207589654,0.028596436147421928,0.2980627616557559,0.13350961700175626,0.08601533778495477,0.1740401203465748,0.2547522109893793,0.053639402965410456,0.11311508727731087,0.24908477709191842,0.14311771033459703,0.151860978625342,0.1789398854151973,0.2888893964125371,0.11163430063053043,0.1834374496018664,0.32204282925672856,0.05781680684218297,0.17844516364288082,0.1362923132780257,0.1213119313460925,0.03040047273102372,0.011014641794356326,0.08070887059329904,0.11321279015010985,0.21243981573318843,0.3245811433361383
107,0.18771530502685835,0.09252835533311818,0.10798042695366858,0.0,0.042602256842198774,0.12281257759142533,0.011174475795712,0.0005192752416190965,0.06624033476530813,0.04589316590961788,0.18641201251522888,0.0014504572247355165,0.08881643256549229,0.022923149018233557,0.017207482630070676,0.04619678323094901,0.06068109459698523,0.038974163761193156,0.01505307191995641,0.0169511658203247,0.0037566405094734447,0.18957025257677568,0.03981466399269247,0.0017816436692304149,0.0233987867389393,0.018214087193761774,0.021266628113017924,0.1701995268680613,0.10087970082111039,0.007879450576435174,0.00527893885735675,0.022916945036788747,0.0660672887901772,0.02297532771884872,0.01168691450136812,0.05718974230612341,0.012161007376413341,0.0063451248632692405,0.041671243660391356,0.11777552852947579,0.021072697182928115,0.04250843828252249,0.10841780926396678,0.020574188376902246,0.09558744164099395,0.01753689006604156,0.04498555508712093,0.04638991655676503,0.10494229319087628,0.004789187271648595,0.012215554595241922,0.023047090310360778,0.1099248823058907
93,0.21364610465488984,0.15374343548798064,0.037166298628277,0.042602256842198774,0.0,0.25570444553552585,0.058975081563839925,0.04640684837337561,0.08552333259486594,0.014571280640920711,0.2132042508684012,0.054859216846363225,0.2047964038286024,0.07706277413693047,0.07625779119871356,0.018394080058544843,0.16935353544170034,0.029836797187673982,0.08081596310299266,0.011631660347549642,0.03760897290445338,0.21607264866115472,0.10835817734946634,0.054379343778637894,0.041455669421241,0.08377770533455686,0.10972608736652248,0.061739390942752125,0.16419187513819378,0.06916035807217429,0.02346335228879008,0.10266605059471129,0.17707742047442504,0.02133320953406028,0.05097722648841713,0.15723950965980393,0.08126023673270254,0.06468233708478553,0.0707692951611199,0.1541586487424887,0.038218228653912015,0.07504018787924338,0.23384529914452756,0.020485481861697605,0.08998879268554594,0.07888216896373917,0.07807205544821678,0.0009037010382116995,0.028877872023086136,0.034107653780971324,0.035304682068139345,0.1147744538323629,0.2306005483607328
199,0.3139556761476292,0.17192841874637194,0.3528275296241028,0.12281257759142533,0.25570444553552585,0.0,0.11327822766013551,0.12145676408337411,0.23774488582982373,0.25320503834662983,0.3127528345926037,0.10597000765379899,0.022684404625063888,0.15996411453891057,0.07865318714356714,0.25674226553736135,0.02247726908192591,0.2331276804021114,0.13348935757601457,0.20191147231539902,0.14251480102579206,0.31474786066417326,0.12293756235292888,0.10747147020068665,0.21187827439611837,0.10438430312069216,0.08702625845167392,0.43390888659114457,0.17772862822764424,0.0759028268063965,0.16953765226232675,0.06442223153141406,0.01613670935620095,0.17931118983198724,0.17402690467526805,0.02035284221094394,0.12385474571016811,0.1177590563201335,0.17770416131075856,0.22321083586663965,0.20541043928305192,0.17665495938223053,0.008714378445864729,0.1765039199987246,0.2952970234986434,0.07978703561850865,0.23529553565107678,0.2648561006180308,0.3486734018069718,0.14082685715180754,0.1605396680783805,0.08941066502521272,0.006964837445993108
174,0.2684611835355119,0.15330086092008796,0.09968497819247167,0.011174475795712003,0.05897508156383993,0.11327822766013551,0.0,0.011994357855959273,0.12094779373326454,0.041506581507017165,0.2651829059156199,0.008361742450159297,0.0619045218553737,0.017862690827420414,0.02228781858453003,0.04158726646685649,0.053313320118905924,0.03021134086000272,0.016543373403366535,0.02292116576293768,0.011610916057578684,0.2685976301541627,0.07857724245725138,0.00690416105301922,0.05760966935858839,0.004963383552021735,0.041395151615431156,0.16343661752178304,0.16099178483992,0.009506281286811065,0.020215566026701524,0.013202601515845394,0.058211803891016815,0.03389762941246268,0.02426638026474745,0.05706603451081986,0.014220905240173056,0.02880848677424666,0.0865399791070032,0.18537695601452903,0.05205083347164892,0.09098638922182609,0.10573501788780179,0.032569347467342843,0.1500491658273283,0.024120979169291068,0.046575669209165824,0.06044993058756471,0.1130999254915398,0.00924924042411783,0.03509730963251713,0.04582110965667226,0.10772014591214939
109,0.19104867595103653,0.09456014597211466,0.11545409954468558,0.0005192752416190967,0.04640684837337562,0.12145676408337414,0.011994357855959276,0.0,0.0672968100736907,0.04911860343648909,0.18929717406704216,0.0015444697729826646,0.0872417214300752,0.019936354013459417,0.02037803151690858,0.049240720389505575,0.06286991173778195,0.041291415242963425,0.012232897524054334,0.01916805838749933,0.005503574919259367,0.19265289586033485,0.039439021136959795,0.0013399881721383395,0.02370577440288172,0.01660515292051515,0.019612874162447613,0.17411200890714337,0.10255556571366395,0.009192002142266153,0.006101418402247243,0.02081406656837153,0.06775817874220544,0.028359198141010962,0.009676954569530567,0.057409956121309606,0.00965442337384934,0.005603159279728099,0.042919853205218364,0.11978099028566515,0.021435248908974372,0.04414674346670691,0.11029160553249404,0.025445582348355353,0.09812137327506529,0.02085757471129951,0.04125770381248404,0.05024621243324401,0.11312533959963436,0.006642587645200789,0.013480163712996457,0.02205573011655883,0.11155255862306887
248,0.04784209759619331,0.03253006727996273,0.18425607948576767,0.06624033476530813,0.08552333259486594,0.23774488582982373,0.12094779373326456,0.0672968100736907,0.0,0.13783944023938827,0.046551233751925575,0.07864144233028755,0.24711860842393052,0.13114016249367194,0.0873172278426752,0.14115928508857983,0.1714026425670186,0.14914491045335393,0.10848226919666448,0.0923320968131903,0.06740435044097356,0.04935443639894281,0.029070067117473786,0.08306036954273832,0.01880534997530474,0.13589789541922426,0.06272336170500808,0.24506352532059103,0.03388384702096558,0.09652635425354711,0.0597016622684724,0.13385848999725075,0.17257195625571092,0.06976154269708826,0.06220614812719208,0.14692435131090706,0.10103560137735096,0.044183965477405156,0.015385270449317725,0.02960889521883922,0.021207230730648445,0.013246113798690836,0.20725687743783933,0.06369040394734375,0.011426495630355665,0.08935606877917439,0.13922562540673547,0.09671625124910503,0.1378078178700424,0.09231624538602654,0.03376826090397844,0.06430665149888976,0.20232876059102556
61,0.30292289773994946,0.21680979864950367,0.022555583793042535,0.04589316590961788,0.014571280640920716,0.2532050383466299,0.041506581507017165,0.04911860343648909,0.13783944023938827,0.0,0.30235216306532836,0.05283329041859907,0.1763098036994653,0.051803489980540664,0.08357959627136666,0.0007392831832992381,0.16234079371652888,0.005231856152352046,0.06308361949918384,0.008315648476627163,0.036581236882151896,0.30601913208791093,0.1480794890795525,0.051286252603692635,0.06624467248016801,0.06076226635015482,0.12293237452491172,0.048961747695176326,0.2297084722548791,0.06772454425187321,0.030742419345773445,0.08900196110326414,0.1731413727063924,0.03265149311984894,0.05021585505314764,0.16571859965126193,0.0660748617928642,0.0791510597928622,0.11975319464619855,0.23109061514841123,0.06268283702525795,0.12416076106082474,0.23759443904137023,0.033881495452829584,0.15086020944802825,0.08406149033234764,0.05230738947579323,0.011535373630493562,0.03768257517307741,0.028445245777187975,0.05899791962899116,0.12766505856027197,0.23874644334879092
WT,0.0012486880015442651,0.03469807837072241,0.34207541585955836,0.18641201251522888,0.21320425086840117,0.3127528345926037,0.2651829059156199,0.18929717406704216,0.04655123375192558,0.30235216306532836,0.0,0.20334360683988031,0.37188914141372714,0.2917270074028451,0.1819761491886009,0.30846755972860024,0.26316243024897734,0.3204008688861254,0.25513858666106926,0.23639194040618738,0.1940599549128812,9.897317487859438e-05,0.07579151776901286,0.21032522137108578,0.11578404926650862,0.28568814541585674,0.14895801238963172,0.42074386186821644,0.02899025833178091,0.21184946331572208,0.18402364916975825,0.26513899090942117,0.2594599551115212,0.17923119198099668,0.1937449372051775,0.22346713805880938,0.2415174685765355,0.14326328419447176,0.0635467131586931,0.015457889682507633,0.11858372029791076,0.059585038549430924,0.26910686210398016,0.17138416649501276,0.04470325791244224,0.18623236720329217,0.30906009692722664,0.23000322616753466,0.2624587593179285,0.2276131261765593,0.12821645356600825,0.1483380947439998,0.2611691039173162
115,0.20434531074040127,0.10025342979389792,0.12097885289654613,0.001450457224735515,0.05485921684636323,0.10597000765379899,0.008361742450159297,0.0015444697729826652,0.07864144233028755,0.05283329041859906,0.20334360683988026,0.0,0.07231611975231013,0.019346784553490672,0.016860968712377335,0.05303752882012211,0.04952600273199394,0.04322714743563662,0.0107656583978991,0.023259946767553417,0.005971264706101513,0.20664951530146153,0.04454371145708455,0.0004849007913241291,0.032730195846219085,0.011802269833895972,0.018373259640532734,0.18490269324945355,0.10880706958789318,0.005174525280358182,0.010331560991797889,0.014525561617721651,0.0541607443981028,0.030998068879422205,0.014118420343590388,0.04942412913698224,0.008174310037414107,0.007657542049934445,0.05204642395474668,0.13080658644498877,0.030165984165582988,0.05251241790192637,0.09498464782888173,0.028723117929444725,0.11340764620622287,0.01673303617021673,0.04485550874715111,0.05906742177621977,0.12187882554048808,0.006878602671497395,0.01885036216247537,0.020333025624220114,0.09651696477212707
230,0.3738837194346514,0.21503710623836753,0.2676333904715083,0.08881643256549226,0.2047964038286023,0.02268440462506388,0.0619045218553737,0.08724172143007522,0.24711860842393052,0.1763098036994653,0.3718891414137271,0.07231611975231014,0.0,0.09561984856627798,0.06313125818394308,0.17667040765965397,0.019483354413944165,0.1504351777473409,0.0838052863930727,0.14274756561407803,0.10282554429227712,0.37470937527115844,0.13874643216491742,0.07107859023298149,0.18720971801889866,0.052860323288199465,0.0830682122881036,0.34006556307673075,0.22396285364811003,0.04937426782995536,0.12784905901660995,0.03248928930278221,0.018996094471874028,0.14423315061175052,0.12988735059978734,0.028071402590059052,0.0785099778604897,0.10086876685888331,0.18491833562854637,0.2698572488275095,0.18007170907741468,0.18638819082133196,0.03308203797635542,0.14320661051653652,0.30227879762047277,0.06324610214110053,0.15849592170146642,0.20811619144940985,0.28796882066237517,0.09272010910936468,0.13959101136384322,0.08613054786323807,0.03599679730639057
87,0.29454363418386476,0.17678724905296928,0.1265974703974907,0.022923149018233554,0.07706277413693047,0.15996411453891057,0.017862690827420404,0.019936354013459414,0.1311401624936719,0.05180348998054065,0.2917270074028451,0.019346784553490672,0.09561984856627799,0.0,0.06365767755220864,0.048417055344754885,0.09593411703970005,0.03291466464014367,0.003322377599291702,0.03198160310081927,0.02741588007361022,0.296029489125666,0.09811319358477935,0.016634248710387177,0.058071777516068936,0.010484009529017613,0.04870705707815726,0.17740560112934892,0.18540626761247198,0.03621525323100333,0.02591591712385838,0.028323349627731767,0.10323813692012493,0.0709769231410702,0.01589049013034183,0.10224537777923777,0.005891743777601464,0.035447236473788765,0.1052262815389928,0.2116530364019813,0.05530343319983447,0.1081887916048464,0.1595783263847153,0.06850724958449274,0.16809453389990156,0.06274672254980976,0.009533757386356388,0.07742714807133402,0.14997511038868913,0.02293068508662683,0.05203723133370958,0.05205700752942868,0.164721833139502
244,0.18316873863630212,0.08726462614534675,0.1356937029241253,0.01720748263007068,0.07625779119871358,0.07865318714356714,0.022287818584530033,0.02037803151690858,0.0873172278426752,0.08357959627136664,0.1819761491886009,0.016860968712377328,0.06313125818394308,0.06365767755220862,0.0,0.08505927248870236,0.02751609453328449,0.07638523437925021,0.04841773280270615,0.04924359757215195,0.01883439729907406,0.18412917490124808,0.04010851165582175,0.018874322455128264,0.05599026825482382,0.036555952065138494,0.029900648373736006,0.2195686032454805,0.0950090453646967,0.005901246133046207,0.035669197873458375,0.029060024466882054,0.031308828341891026,0.02601013658616628,0.048527723799234077,0.025753299677638744,0.04000617890418799,0.023852661621572516,0.05458659140338915,0.11590583556244573,0.05238875893949489,0.05447791609312032,0.05752983071426311,0.024955645898337216,0.11546809806547831,0.0011040957942913194,0.10701200108989398,0.08079584129090778,0.1236576853264407,0.02278867887559699,0.03150550927053258,0.03034486365790352,0.0588190494982089
59,0.3086816748777338,0.22062015371226582,0.022923613038765445,0.046196783230949015,0.018394080058544846,0.25674226553736135,0.041587266466856475,0.04924072038950557,0.14115928508857983,0.0007392831832992388,0.3084675597286002,0.05303752882012211,0.17667040765965392,0.048417055344754906,0.08505927248870235,0.0,0.16300869525999323,0.0028769743931980445,0.06010100968152034,0.008782021402319675,0.0362390233839886,0.3122205408541092,0.15055164298068285,0.05162415545572897,0.06673784899847322,0.060415500781634976,0.12350625631961372,0.05179775867143964,0.23449691457545907,0.0687538254643139,0.031996611036427536,0.09083040162758745,0.1753839646451088,0.034879240920258424,0.04935615335934296,0.16940674427119787,0.0632535036077192,0.07978373353396742,0.12421305554395709,0.23706117003306185,0.0641536305174979,0.12751855319102076,0.24003596971361896,0.03655102687069765,0.15602493868986633,0.08434332054455138,0.04713989081122868,0.014250637873454174,0.04031573499031112,0.027538117406558895,0.06287915464677334,0.12684926893566423,0.24308577642793783
227,0.2625454501281023,0.13008019418665373,0.24007936106595007,0.06068109459698523,0.16935353544170034,0.02247726908192591,0.053313320118905924,0.06286991173778193,0.17140264256701862,0.1623407937165289,0.26316243024897734,0.049526002731993944,0.01948335441394417,0.09593411703970006,0.027516094533284508,0.16300869525999323,0.0,0.14190463431027833,0.07551385259172727,0.1188973665678606,0.07121041299693509,0.2649734997757095,0.08183107557208039,0.052292272142893614,0.13498594606957487,0.05474731348149567,0.04800784971175172,0.33768768938154736,0.13917488967364924,0.02723770966913654,0.09688628278136133,0.033597913209813375,0.00155348870471441,0.0984964464720207,0.10605259638932116,0.010874045449054508,0.06711638874593526,0.06387212868995527,0.1209093917877625,0.18040983081593392,0.1305608156671002,0.11779167827382352,0.01098806770510974,0.09804795097677324,0.2195967504794245,0.026201998613974525,0.15687523051764773,0.17516644590804087,0.23985116230203513,0.06888128105219518,0.09604502004459872,0.0459085704014409,0.015130462675505134
47,0.32076809210095336,0.21997618190088858,0.03637515766181921,0.038974163761193156,0.029836797187673986,0.23312768040211143,0.030211340860002718,0.04129141524296342,0.1491449104533539,0.0052318561523520424,0.32040086888612535,0.04322714743563662,0.15043517774734091,0.03291466464014366,0.07638523437925021,0.002876974393198047,0.1419046343102783,0.0,0.04452161524773404,0.009312340469760181,0.0313696072463274,0.3241661054840044,0.14488913224288505,0.04145904386510115,0.06893489995373372,0.04459388233759575,0.10955181530816038,0.0736098629287533,0.23411868416988163,0.05743992111872921,0.02974020411587918,0.07457432839352003,0.15496201509806662,0.039358146202965724,0.04286261689514573,0.1525001604914561,0.04771778726658125,0.07175557830334328,0.12673085682842217,0.24329370726974156,0.06640821024380315,0.12942731433946614,0.21831839069459907,0.041046290441269,0.16966036378445581,0.07477318183149172,0.0347043823113716,0.025144703386797078,0.05962606972214859,0.020558362557130484,0.06351074494149467,0.1115694506904297,0.22378873815921124
103,0.25696921527472677,0.14248237113337253,0.14197325041803582,0.015053071919956407,0.08081596310299263,0.13348935757601454,0.01654337340336654,0.012232897524054334,0.10848226919666451,0.06308361949918384,0.2551385866610692,0.010765658397899103,0.0838052863930727,0.0033223775992917,0.04841773280270616,0.06010100968152031,0.07551385259172727,0.04452161524773405,0.0,0.03562811906310541,0.020310304179241626,0.25934065213904756,0.07316450336556699,0.00972549312819445,0.047106222465218645,0.009233584466940448,0.029351346515520866,0.20045731639004594,0.15100453182328347,0.025310751838061984,0.022682178912179433,0.020488931982488908,0.0816584520191032,0.06454486036966689,0.011886807890788016,0.08120595674229318,0.0007050495981560882,0.020965879003476996,0.08592699018580877,0.17929572150332634,0.04552998773328041,0.0866124187394384,0.1307378953032986,0.06180036317688927,0.14982777327693586,0.04676641997095377,0.018324528423806503,0.08320449078790673,0.15713074660434034,0.0202067865918044,0.04203855218727911,0.03146883830356703,0.13520700008867287
79,0.23716929180487967,0.1506339556513992,0.047008940416564185,0.016951165820324708,0.011631660347549639,0.20191147231539902,0.022921165762937692,0.01916805838749933,0.0923320968131903,0.008315648476627158,0.23639194040618738,0.02325994676755342,0.14274756561407803,0.03198160310081926,0.04924359757215193,0.00878202140231967,0.1188973665678606,0.009312340469760177,0.035628119063105396,0.0,0.013861558961802165,0.23971612627001665,0.09116389410261753,0.0223949575556536,0.033932628330548595,0.03834427848166964,0.07235708643030907,0.08804938133929618,0.16181381067363163,0.036216822253485256,0.007819129321444346,0.058024874038595686,0.1280739556951852,0.01790233436831725,0.02363635250103047,0.11767596319975698,0.03635997375132913,0.03837592789210597,0.07159333013156349,0.16705230786730546,0.031163721473431563,0.07444781956813107,0.1846392580266911,0.01739445636446746,0.10997287656999774,0.04969934201833945,0.038547918915839544,0.011339098566647603,0.052356109524382244,0.00869994850770776,0.02694353304910165,0.07535205533022121,0.18621055769974915
118,0.19500256797256932,0.10679749048037798,0.08467572442109614,0.0037566405094734447,0.03760897290445338,0.14251480102579206,0.011610916057578684,0.0055035749192593655,0.06740435044097355,0.03658123688215188,0.19405995491288122,0.005971264706101511,0.10282554429227711,0.027415880073610212,0.018834397299074046,0.036239023383988614,0.07121041299693509,0.031369607246327404,0.02031030417924162,0.01386155896180216,0.0,0.19753232719685226,0.05156592975463953,0.0073275456946239916,0.022591725914608975,0.023007975440594745,0.03326438195041195,0.14963727451997433,0.11588461328070945,0.013339982553602579,0.007999892454265153,0.032781771445193716,0.07804921342324242,0.01392905884807326,0.012660146991006451,0.07295817815366976,0.016866524003896176,0.013886479440178939,0.052179192507558175,0.13182006210188016,0.02112383004177966,0.05234358815173147,0.12381369922352967,0.0127962948127779,0.0944497322817398,0.01847770875573223,0.04755217967029125,0.040275783501823884,0.08226905413863864,0.005567572711577822,0.016078836246987385,0.03483819375060233,0.1255989818963487
220,0.001218446961491114,0.03552513534162742,0.34529059919815597,0.18957025257677568,0.21607264866115472,0.3147478606641732,0.2685976301541627,0.1926528958603348,0.04935443639894281,0.30601913208791093,9.897317487859427e-05,0.20664951530146153,0.37470937527115844,0.296029489125666,0.18412917490124808,0.3122205408541092,0.2649734997757095,0.3241661054840043,0.2593406521390475,0.23971612627001665,0.19753232719685232,0.0,0.0779213215617095,0.2136637136378918,0.11929320850161043,0.28952222890645574,0.15190025422731812,0.4249764266773848,0.029735493401680226,0.2145669730280419,0.18720524074579153,0.2686013825576409,0.26129062430306543,0.1817066325817504,0.19794634220939644,0.2252372681091202,0.24561427368144081,0.14639600678683323,0.06525570283529969,0.0159616408644506,0.12196027913486804,0.061297515841327296,0.270298866965898,0.17391507303100995,0.04682400441020571,0.1884501455016009,0.3137762325918967,0.2329200819898557,0.2650584917011083,0.23068311534752522,0.13092110162583026,0.1511162741841603,0.2624370634641757
206,0.07969879130517982,0.02027764189572914,0.21989022722645596,0.039814663992692484,0.10835817734946634,0.1229375623529289,0.07857724245725138,0.039439021136959795,0.029070067117473786,0.14807948907955248,0.07579151776901286,0.04454371145708455,0.1387464321649174,0.09811319358477935,0.040108511655821744,0.1505516429806829,0.08183107557208039,0.14488913224288502,0.07316450336556699,0.09116389410261758,0.05156592975463953,0.07792132156170953,0.0,0.04681856189588206,0.03479408295771311,0.08487387080429831,0.016486806954931675,0.3006594574347792,0.020086547802904926,0.046693481615437724,0.05142233343369851,0.06980689565328171,0.08061853566045159,0.06899770713402692,0.05318639466986767,0.05807863375238377,0.06351063997155382,0.018308153680365813,0.011789748067321654,0.03362391385737797,0.033596022402583914,0.011552431345322118,0.10294462551336006,0.0625739418101579,0.05253955298917684,0.04321928013311757,0.12996319286066962,0.11907331926240508,0.1844228062501164,0.06669402065754883,0.026972762867636918,0.01771785315768705,0.10091484293693084
117,0.2123381358688595,0.10666218296410261,0.12076140838496474,0.0017816436692304153,0.054379343778637894,0.10747147020068665,0.006904161053019218,0.0013399881721383414,0.08306036954273832,0.05128625260369264,0.21032522137108572,0.00048490079132412897,0.07107859023298146,0.016634248710387177,0.018874322455128264,0.05162415545572897,0.052292272142893614,0.04145904386510115,0.00972549312819445,0.022394957555653596,0.007327545694623995,0.2136637136378918,0.04681856189588206,0.0,0.03444084077192065,0.009397413169455608,0.019695101085310605,0.18184131080195154,0.11439657378624607,0.0058309931139279795,0.009837108344177775,0.01260749958377076,0.05647694118113481,0.033226358125756056,0.01301248732295916,0.04972148556121017,0.007379493216777019,0.008848342396912127,0.05380822409064105,0.13588277352630454,0.03105836969988698,0.055744726694270594,0.0989053379953785,0.03050764493370044,0.11603525802420495,0.019659244461219805,0.04177241393420586,0.05828222010041073,0.12330791587321041,0.007042902522495231,0.018984023661858095,0.02270998714900853,0.10018276979533797
186,0.11778661765182213,0.06862039778597255,0.11478760717708136,0.023398786738939296,0.041455669421241015,0.21187827439611834,0.05760966935858838,0.02370577440288172,0.01880534997530474,0.06624467248016803,0.11578404926650862,0.032730195846219085,0.18720971801889869,0.058071777516068956,0.055990268254823804,0.06673784899847322,0.13498594606957487,0.06893489995373375,0.047106222465218645,0.03393262833054861,0.02259172591460898,0.1192932085016104,0.03479408295771311,0.03444084077192065,0.0,0.06895970222114463,0.04110616229915276,0.1707877875927401,0.07357198628314304,0.05279737574167868,0.015768549359443475,0.07954820488053055,0.14021346269718227,0.0346382906849643,0.016015215617322408,0.12167405831013245,0.04351070516129663,0.01757871134824458,0.02218679623367814,0.07656821573456815,0.0008806163592721282,0.02225694375040069,0.18848152383692807,0.030298996183474633,0.03499440167136435,0.0569760344463892,0.06188561984420565,0.04733404576257938,0.09338287453202646,0.03666080099400411,0.011148509693367142,0.04311895790642212,0.18782534033872536
167,0.289797957273265,0.1650788806909157,0.13550423145704926,0.018214087193761778,0.08377770533455686,0.10438430312069216,0.004963383552021735,0.016605152920515148,0.13589789541922426,0.06076226635015482,0.28568814541585674,0.011802269833895974,0.052860323288199486,0.010484009529017617,0.036555952065138494,0.060415500781634976,0.05474731348149567,0.044593882337595744,0.009233584466940451,0.038344278481669644,0.023007975440594748,0.28952222890645574,0.08487387080429831,0.009397413169455625,0.06895970222114464,0.0,0.03690189320889239,0.1959030334460628,0.17125064408518176,0.016246965313976798,0.02952416372868025,0.00641986522558329,0.057661770733882574,0.06036672401979488,0.024629222079163113,0.05831148960063609,0.008365881422461136,0.03136049956962805,0.09997864957120473,0.2018672449376035,0.06307585933671868,0.10509381009970553,0.10586064835159743,0.0577409500346284,0.17199320216643846,0.038477144568059674,0.038573325225636196,0.08636464411250488,0.154652325016584,0.020750294971898745,0.04641863805033451,0.04271466776417535,0.10754918030194166
236,0.15227921979305728,0.05784654800231508,0.2088981120758966,0.021266628113017924,0.10972608736652248,0.08702625845167394,0.04139515161543116,0.019612874162447603,0.06272336170500808,0.12293237452491171,0.1489580123896317,0.018373259640532734,0.08306821228810361,0.04870705707815727,0.029900648373736,0.12350625631961372,0.048007849711751725,0.10955181530816038,0.029351346515520862,0.07235708643030908,0.033264381950411946,0.15190025422731812,0.016486806954931675,0.0196951010853106,0.04110616229915276,0.036901893208892395,0.0,0.2905328212373421,0.05994093056153768,0.02264524553587832,0.037149644036502644,0.027191015079289726,0.04770450025671348,0.07039409206293287,0.030490384999426565,0.03947132610645794,0.023346577080010495,0.007256286490000319,0.038060786461350256,0.08847441731452822,0.038833949498660585,0.038061630576773225,0.07716935480872718,0.06496353208904708,0.09952761521424631,0.0312560694489284,0.08113473068923796,0.1187726018102434,0.19632933676111536,0.04306499780221361,0.02857021419842918,0.0015989118568306999,0.07778322273698052
31,0.4210588753526077,0.371188126376003,0.02859643614742194,0.17019952686806133,0.06173939094275212,0.43390888659114446,0.16343661752178304,0.1741120089071434,0.245063525320591,0.04896174769517633,0.4207438618682164,0.18490269324945352,0.34006556307673075,0.1774056011293489,0.2195686032454805,0.051797758671439625,0.33768768938154736,0.07360986292875331,0.20045731639004594,0.08804938133929617,0.14963727451997438,0.42497642667738467,0.3006594574347792,0.18184131080195154,0.17078778759274008,0.1959030334460628,0.2905328212373421,0.0,0.3866038967812474,0.2055913165560248,0.13712040922826665,0.23576593889005226,0.3499596281510171,0.11580175629649345,0.16679188074201062,0.33199717589009536,0.20649027189944397,0.21984261405224656,0.24406821297056625,0.3618769736011982,0.16733079709559223,0.2517359950882924,0.42192671897261075,0.11886813931773495,0.2378354299149315,0.22146818839102977,0.1584893570756225,0.05400234194302491,0.04291126777255271,0.13993597477760397,0.17244972648797902,0.3002044032080533,0.41786972145750323
205,0.030123719737875712,0.002146717534939984,0.29806276165575585,0.10087970082111039,0.16419187513819378,0.17772862822764418,0.16099178483992,0.10255556571366395,0.03388384702096557,0.22970847225487911,0.02899025833178091,0.10880706958789318,0.22396285364811006,0.18540626761247198,0.09500904536469672,0.23449691457545907,0.13917488967364924,0.23411868416988163,0.15100453182328344,0.16181381067363165,0.11588461328070945,0.029735493401680232,0.020086547802904916,0.11439657378624607,0.07357198628314304,0.17125064408518179,0.05994093056153768,0.3866038967812474,0.0,0.11085877195586187,0.11009192741977436,0.14731048230159605,0.13599531566515644,0.12239369390526475,0.11973261211065536,0.1112747603389413,0.13954038860931656,0.06525142168370877,0.0244487975765205,0.006985679989373182,0.07404464847396028,0.02060480000348955,0.14597129171266063,0.11521811025738447,0.052259051320706594,0.0977178862385514,0.21659652239021276,0.17970569178258505,0.2413953999935337,0.13683438249976718,0.06905759822543038,0.05831736987377767,0.14176111261535268
241,0.21295892380893322,0.10216836432769541,0.13350961700175626,0.00787945057643517,0.0691603580721743,0.0759028268063965,0.009506281286811065,0.00919200214226615,0.09652635425354707,0.06772454425187323,0.2118494633157221,0.005174525280358185,0.04937426782995537,0.03621525323100333,0.005901246133046206,0.06875382546431388,0.027237709669136537,0.0574399211187292,0.025310751838061987,0.03621682225348525,0.013339982553602579,0.2145669730280419,0.046693481615437724,0.0058309931139279795,0.05279737574167868,0.0162469653139768,0.02264524553587832,0.20559131655602478,0.11085877195586186,0.0,0.02363761734788304,0.01211435606482562,0.031076420977030044,0.032448305737463524,0.0333372248548262,0.027142644912966182,0.02037898799592847,0.016346680484080993,0.06003796661583996,0.13499515983105478,0.04885656017924381,0.06070253935058753,0.06354018053684947,0.03084260196049468,0.13100779614333788,0.006452687984124959,0.07377792575059171,0.07331410738695948,0.13245752847087733,0.01207311756244207,0.028546801068875114,0.02414529014851204,0.06511223852762188
185,0.18597777987635294,0.10272073520846942,0.08601533778495477,0.005278938857356752,0.023463352288790075,0.16953765226232675,0.020215566026701527,0.00610141840224724,0.05970166226847241,0.030742419345773445,0.18402364916975822,0.010331560991797887,0.12784905901660992,0.025915917123858365,0.03566919787345837,0.031996611036427536,0.09688628278136135,0.029740204115879177,0.022682178912179423,0.007819129321444337,0.007999892454265151,0.18720524074579156,0.05142233343369851,0.009837108344177774,0.015768549359443475,0.029524163728680254,0.037149644036502644,0.13712040922826663,0.11009192741977436,0.02363761734788305,0.0,0.04087040315577968,0.10252906776722698,0.021602112337263807,0.00945212543914969,0.08943578660716094,0.021699932927841475,0.013699931559299175,0.03919062661555525,0.11937691759436564,0.012850357988528252,0.04211376031806684,0.1538712477066121,0.01865879778194758,0.08002641857092406,0.03734699055745766,0.03713704708927235,0.027089556310518865,0.0825166548847022,0.008312137509939647,0.008388067076226633,0.04056657350895318,0.15395167846826147
151,0.2692507394480878,0.1425196260366555,0.1740401203465748,0.022916945036788747,0.10266605059471129,0.06442223153141405,0.013202601515845395,0.020814066568371533,0.13385848999725075,0.08900196110326415,0.26513899090942117,0.01452556161772165,0.032489289302782214,0.02832334962773177,0.02906002446688206,0.09083040162758743,0.03359791320981338,0.07457432839352002,0.020488931982488905,0.058024874038595686,0.03278177144519373,0.2686013825576409,0.06980689565328176,0.012607499583770764,0.07954820488053055,0.00641986522558329,0.02719101507928972,0.23576593889005226,0.14731048230159602,0.01211435606482562,0.04087040315577968,0.0,0.0326347640651737,0.07021344061386006,0.03839457595586872,0.030768658326595453,0.017557335315253247,0.029727415622919917,0.09201566771009607,0.17985206747547036,0.07282482563720485,0.0969707947863073,0.06956720418640422,0.06655367421147561,0.17391138420304547,0.03209654915108416,0.06784046594764634,0.1081353833296119,0.18469350638961776,0.031857237469233274,0.048826220459633,0.033983284165461446,0.06839890363820783
229,0.26023172122221583,0.12948204528919902,0.2547522109893794,0.0660672887901772,0.17707742047442504,0.01613670935620095,0.05821180389101681,0.06775817874220544,0.17257195625571092,0.17314137270639243,0.25945995511152115,0.054160744398102784,0.018996094471874024,0.10323813692012491,0.031308828341891026,0.1753839646451088,0.0015534887047144105,0.15496201509806656,0.08165845201910321,0.12807395569518515,0.07804921342324242,0.2612906243030655,0.0806185356604516,0.0564769411811348,0.1402134626971823,0.05766177073388258,0.04770450025671348,0.349959628151017,0.13599531566515644,0.03107642097703004,0.10252906776722698,0.032634764065173696,0.0,0.10618404166865933,0.11051714030591503,0.007521622117815193,0.07272027182975843,0.06666493930323207,0.12073503045664472,0.17743615479761748,0.13438460072524294,0.11957102726405677,0.008838176491587978,0.1046313768735887,0.21924875526135995,0.031960329123641044,0.16723510323334448,0.18456097072518307,0.25220364372433235,0.07799748623001085,0.09715982150016388,0.04804714291740758,0.01015161378624705
122,0.17926270971459268,0.11247427170198368,0.05363940296541046,0.02297532771884872,0.02133320953406028,0.1793111898319873,0.03389762941246268,0.028359198141010965,0.06976154269708826,0.03265149311984894,0.17923119198099668,0.030998068879422205,0.14423315061175052,0.07097692314107018,0.02601013658616628,0.034879240920258424,0.0984964464720207,0.039358146202965724,0.06454486036966689,0.017902334368317244,0.01392905884807326,0.18170663258175046,0.06899770713402695,0.033226358125756056,0.034638290684964296,0.060366724019794864,0.07039409206293287,0.11580175629649345,0.12239369390526475,0.03244830573746353,0.021602112337263814,0.07021344061386009,0.1061840416686593,0.0,0.04277186844560205,0.09583528314302264,0.0592110431593692,0.03991560280039695,0.05493670012607134,0.12551928079108013,0.03225514051573118,0.05578230498140769,0.14926675237014475,0.00039387986770918616,0.08203457968026467,0.027178401330202558,0.09241773576026949,0.023300842949249397,0.03970326834991321,0.019059572878669027,0.02375880804825725,0.07198610870087159,0.14892199079662793
182,0.19795435295160876,0.11528044454857014,0.11311508727731087,0.01168691450136812,0.05097722648841713,0.1740269046752681,0.02426638026474745,0.009676954569530568,0.06220614812719207,0.05021585505314764,0.1937449372051775,0.014118420343590397,0.1298873505997874,0.015890490130341828,0.04852772379923406,0.049356153359342965,0.1060525963893212,0.04286261689514574,0.011886807890788016,0.02363635250103047,0.012660146991006453,0.19794634220939644,0.05318639466986766,0.013012487322959159,0.016015215617322404,0.024629222079163113,0.030490384999426565,0.16679188074201068,0.11973261211065535,0.033337224854826195,0.009452125439149684,0.03839457595586873,0.11051714030591503,0.04277186844560205,0.0,0.09943871891899139,0.010778968829823484,0.013750722880366936,0.052553940800144076,0.13555674273194895,0.014027794358251315,0.056111146285325875,0.16516320846455698,0.03847768786254601,0.08691930769725766,0.050175209752592945,0.02393757783996136,0.05489902305099096,0.11359476535406698,0.021034057004211165,0.01759715538965708,0.03539790894700651,0.16589989441712638
214,0.22708270286669419,0.10761664356501474,0.24908477709191845,0.057189742306123406,0.157239509659804,0.020352842210943932,0.05706603451081986,0.05740995612130961,0.14692435131090706,0.1657185996512619,0.22346713805880936,0.04942412913698222,0.028071402590059052,0.10224537777923777,0.025753299677638744,0.16940674427119787,0.010874045449054506,0.15250016049145604,0.08120595674229318,0.11767596319975696,0.07295817815366974,0.22523726810912023,0.05807863375238377,0.04972148556121018,0.12167405831013245,0.058311489600636104,0.03947132610645792,0.33199717589009536,0.11127476033894132,0.027142644912966175,0.08943578660716094,0.030768658326595453,0.007521622117815191,0.09583528314302261,0.09943871891899138,0.0,0.07140658757692338,0.05493312627617758,0.09251058324030337,0.14331345579844873,0.11475003535753936,0.09470856083877817,0.01657737672990877,0.09228817773199698,0.18549350030255307,0.029303166359665254,0.1645096293887807,0.16532005877174683,0.23804204419155595,0.07234058833333398,0.07814304718970358,0.04259828899076916,0.015194577397020164
110,0.24390040894390655,0.1318880807383357,0.14311771033459703,0.012161007376413336,0.08126023673270252,0.1238547457101681,0.014220905240173061,0.009654423373849337,0.10103560137735096,0.06607486179286419,0.2415174685765355,0.008174310037414114,0.07850997786048969,0.005891743777601466,0.04000617890418799,0.06325350360771918,0.06711638874593527,0.04771778726658125,0.0007050495981560886,0.036359973751329114,0.016866524003896176,0.24561427368144084,0.06351063997155383,0.007379493216777018,0.04351070516129663,0.00836588142246114,0.0233465770800105,0.2064902718994439,0.1395403886093165,0.02037898799592847,0.02169993292784149,0.017557335315253247,0.07272027182975845,0.0592110431593692,0.010778968829823482,0.07140658757692336,0.0,0.01666413871381618,0.07856271446358777,0.16798358255190837,0.04178754568784781,0.07938730369042866,0.11960586343037545,0.05632734293252331,0.14099448006288948,0.03885521603224042,0.024220872332646734,0.08399806529675943,0.15506429358335777,0.018731142388407812,0.037449422698220915,0.02544537059213146,0.1238465347850832
233,0.14507126492957706,0.05983403255013771,0.15186097862534198,0.006345124863269241,0.06468233708478552,0.1177590563201335,0.028808486774246665,0.005603159279728102,0.04418396547740516,0.07915105979286219,0.14326328419447176,0.0076575420499344436,0.10086876685888332,0.035447236473788765,0.02385266162157252,0.07978373353396745,0.06387212868995527,0.0717555783033433,0.020965879003476993,0.03837592789210596,0.013886479440178939,0.14639600678683323,0.01830815368036582,0.008848342396912127,0.01757871134824458,0.03136049956962804,0.0072562864900003205,0.2198426140522466,0.06525142168370877,0.016346680484080993,0.013699931559299185,0.02972741562291992,0.06666493930323208,0.039915602800396965,0.013750722880366934,0.05493312627617759,0.016664138713816175,0.0,0.02540727823493539,0.08363526098889199,0.016309039870090386,0.02518939737274447,0.10366794087199652,0.03560289268579902,0.07572706825338886,0.02449861306267744,0.05830456638652169,0.07163488331861384,0.13911254537792644,0.02124896973521876,0.010914270519743982,0.008811986263583475,0.1040138643264469
157,0.06668045817218268,0.02408143742977212,0.1789398854151973,0.04167124366039135,0.0707692951611199,0.17770416131075853,0.08653997910700321,0.04291985320521836,0.015385270449317728,0.11975319464619856,0.06354671315869309,0.05204642395474667,0.18491833562854634,0.10522628153899279,0.05458659140338916,0.1242130555439571,0.1209093917877625,0.12673085682842217,0.08592699018580874,0.07159333013156345,0.052179192507558175,0.06525570283529969,0.011789748067321653,0.05380822409064106,0.02218679623367815,0.0999786495712047,0.03806078646135026,0.24406821297056622,0.024448797576520492,0.06003796661583996,0.03919062661555526,0.09201566771009609,0.1207350304566447,0.05493670012607134,0.05255394080014408,0.09251058324030334,0.07856271446358776,0.025407278234935386,0.0,0.02436021297450037,0.020076796262962156,0.0017881666886262635,0.1523915359110922,0.04845072247585219,0.025671871173111115,0.05917058242725583,0.12492650481303788,0.08130787710587001,0.13991534002310585,0.06396290397846581,0.015894294362165638,0.04058064704265921,0.14795690868846134
217,0.016445445157293608,0.008916466734513484,0.2888893964125371,0.11777552852947579,0.1541586487424887,0.2232108358666396,0.18537695601452905,0.11978099028566516,0.02960889521883922,0.23109061514841125,0.015457889682507631,0.13080658644498877,0.2698572488275095,0.2116530364019813,0.11590583556244571,0.23706117003306187,0.18040983081593392,0.24329370726974164,0.17929572150332637,0.16705230786730546,0.13182006210188013,0.015961640864450597,0.03362391385737798,0.13588277352630457,0.07656821573456815,0.20186724493760352,0.08847441731452821,0.36187697360119825,0.006985679989373181,0.1349951598310548,0.11937691759436564,0.1798520674754703,0.17743615479761748,0.1255192807910801,0.13555674273194893,0.14331345579844873,0.16798358255190837,0.08363526098889199,0.02436021297450037,0.0,0.07730735014225279,0.021597950341182698,0.18911073166275502,0.11802448695285533,0.038425979857755095,0.1197913842582327,0.23580158477768995,0.16925368525645645,0.2239570053992057,0.15236250413157887,0.07568276552345482,0.08800270162821683,0.1821431911858224
188,0.1219175491027895,0.07084535763870065,0.11163430063053043,0.021072697182928108,0.03821822865391202,0.20541043928305192,0.05205083347164892,0.021435248908974372,0.02120723073064843,0.06268283702525795,0.11858372029791076,0.030165984165582985,0.18007170907741468,0.05530343319983447,0.052388758939494906,0.06415363051749791,0.1305608156671002,0.06640821024380317,0.04552998773328041,0.03116372147343155,0.021123830041779652,0.12196027913486801,0.033596022402583914,0.03105836969988698,0.0008806163592721293,0.06307585933671869,0.038833949498660585,0.16733079709559223,0.0740446484739603,0.04885656017924381,0.012850357988528254,0.07282482563720487,0.13438460072524291,0.03225514051573118,0.01402779435825132,0.11475003535753936,0.04178754568784781,0.016309039870090383,0.02007679626296216,0.07730735014225282,0.0,0.022384489263343903,0.18397217699620658,0.02739663193529828,0.03402523263384995,0.05507664174970342,0.061291677017080035,0.04455895222664284,0.0911677303276887,0.034643387388463225,0.006840263618090267,0.04254175155867089,0.18217356559723627
155,0.06025370224236521,0.01729590978266706,0.18343744960186636,0.04250843828252249,0.07504018787924337,0.17665495938223053,0.09098638922182609,0.04414674346670691,0.013246113798690836,0.12416076106082476,0.05958503854943094,0.05251241790192638,0.186388190821332,0.1081887916048464,0.05447791609312032,0.12751855319102076,0.11779167827382353,0.12942731433946614,0.0866124187394384,0.07444781956813107,0.052343588151731485,0.06129751584132729,0.011552431345322123,0.055744726694270594,0.022256943750400694,0.1050938100997055,0.03806163057677323,0.2517359950882924,0.02060480000348955,0.06070253935058752,0.04211376031806684,0.09697079478630732,0.11957102726405677,0.05578230498140768,0.05611114628532589,0.09470856083877818,0.07938730369042865,0.025189397372744476,0.0017881666886262642,0.02159795034118269,0.0223844892633439,0.0,0.14769077692834764,0.05030827078631325,0.029410540008760606,0.056460471044177105,0.12709833258883618,0.08519152145009412,0.1433057666994731,0.06396051049321758,0.02071629555494918,0.03770895922012662,0.14504379325852781
211,0.26771124507830457,0.13781238586499953,0.32204282925672856,0.10841780926396678,0.2338452991445275,0.008714378445864729,0.10573501788780179,0.11029160553249408,0.20725687743783933,0.2375944390413702,0.26910686210398016,0.09498464782888175,0.033082037976355415,0.1595783263847153,0.0575298307142631,0.24003596971361896,0.010988067705109742,0.2183183906945991,0.1307378953032986,0.18463925802669112,0.1238136992235297,0.270298866965898,0.10294462551336006,0.09890533799537851,0.18848152383692807,0.10586064835159745,0.07716935480872718,0.4219267189726107,0.14597129171266063,0.06354018053684948,0.15387124770661204,0.0695672041864042,0.008838176491587982,0.14926675237014472,0.16516320846455698,0.01657737672990877,0.11960586343037544,0.10366794087199653,0.15239153591109222,0.18911073166275502,0.18397217699620658,0.14769077692834764,0.0,0.1482492834219664,0.2600507578312992,0.05650740445404648,0.23316762038192185,0.24236936982160703,0.31067357083196123,0.12347171396004389,0.14239281826012512,0.07470179209083352,0.0019020282340736748
124,0.17225355386183833,0.10657763492895805,0.05781680684218296,0.020574188376902246,0.020485481861697595,0.1765039199987246,0.03256934746734284,0.025445582348355353,0.06369040394734377,0.03388149545282958,0.17138416649501279,0.028723117929444715,0.1432066105165365,0.06850724958449272,0.024955645898337216,0.03655102687069765,0.09804795097677323,0.04104629044126899,0.06180036317688927,0.017394456364467466,0.012796294812777895,0.17391507303100995,0.06257394181015788,0.030507644933700433,0.030298996183474626,0.0577409500346284,0.06496353208904707,0.11886813931773496,0.11521811025738449,0.03084260196049468,0.01865879778194758,0.0665536742114756,0.1046313768735887,0.00039387986770918703,0.038477687862546,0.09228817773199696,0.05632734293252332,0.035602892685799026,0.0484507224758522,0.11802448695285532,0.027396631935298288,0.05030827078631324,0.14824928342196636,0.0,0.07480462725569915,0.027044793052846752,0.09001335929627367,0.023135422730046762,0.042673378669660214,0.01878015494201997,0.018820692307226446,0.06751053056406038,0.1470276524342124
158,0.05009765334798218,0.05650013007792779,0.1784451636428808,0.09558744164099395,0.08998879268554592,0.2952970234986434,0.1500491658273283,0.09812137327506529,0.011426495630355665,0.15086020944802825,0.04470325791244224,0.1134076462062229,0.30227879762047277,0.16809453389990153,0.11546809806547831,0.15602493868986633,0.2195967504794245,0.16966036378445581,0.1498277732769358,0.10997287656999774,0.09444973228173979,0.046824004410205705,0.05253955298917683,0.11603525802420495,0.03499440167136435,0.17199320216643843,0.09952761521424633,0.2378354299149315,0.052259051320706594,0.13100779614333788,0.08002641857092407,0.17391138420304542,0.21924875526135995,0.08203457968026467,0.0869193076972577,0.1854935003025531,0.14099448006288948,0.07572706825338887,0.025671871173111115,0.03842597985775509,0.034025232633849954,0.02941054000876061,0.2600507578312992,0.07480462725569915,0.0,0.12230395227566937,0.17211332401674598,0.10106044695756716,0.12609936248781242,0.12125503244590988,0.04641197443925303,0.10441393936638418,0.2531147620851602
242,0.18564455991741075,0.08751782502411215,0.13629231327802568,0.01753689006604156,0.07888216896373919,0.07978703561850864,0.024120979169291054,0.020857574711299506,0.0893560687791744,0.08406149033234764,0.18623236720329217,0.016733036170216733,0.06324610214110053,0.06274672254980973,0.0011040957942913194,0.08434332054455136,0.02620199861397452,0.07477318183149173,0.04676641997095378,0.04969934201833945,0.018477708755732215,0.18845014550160089,0.04321928013311756,0.019659244461219808,0.0569760344463892,0.038477144568059674,0.03125606944892839,0.22146818839102977,0.09771788623855142,0.006452687984124959,0.03734699055745766,0.032096549151084154,0.03196032912364105,0.027178401330202565,0.050175209752592945,0.029303166359665254,0.03885521603224041,0.024498613062677446,0.059170582427255834,0.11979138425823269,0.05507664174970341,0.0564604710441771,0.05650740445404649,0.027044793052846752,0.1223039522756694,0.0,0.10457384052274382,0.08267681780508764,0.12549331585118514,0.02146586858031999,0.036429701937786385,0.029504357639168866,0.05963864097382468
55,0.3111144146376447,0.20664933292971263,0.1213119313460925,0.04498555508712092,0.07807205544821677,0.23529553565107675,0.046575669209165824,0.04125770381248404,0.13922562540673547,0.052307389475793234,0.3090600969272267,0.04485550874715111,0.15849592170146642,0.009533757386356388,0.10701200108989399,0.04713989081122868,0.15687523051764773,0.0347043823113716,0.018324528423806496,0.03854791891583954,0.04755217967029124,0.3137762325918967,0.12996319286066962,0.041772413934205874,0.06188561984420565,0.03857332522563619,0.08113473068923796,0.15848935707562256,0.2165965223902127,0.0737779257505917,0.037137047089272346,0.06784046594764634,0.16723510323334448,0.09241773576026947,0.02393757783996136,0.16450962938878066,0.02422087233264674,0.05830456638652169,0.12492650481303788,0.23580158477768992,0.061291677017080035,0.12709833258883613,0.2331676203819218,0.09001335929627369,0.172113324016746,0.10457384052274381,0.0,0.07660543103232925,0.14757413951902637,0.04223485989266516,0.07056575310880014,0.08363485698048034,0.23983795415306727
91,0.2302382213018007,0.1679383989977889,0.03040047273102372,0.04638991655676503,0.0009037010382116999,0.2648561006180308,0.060449930587564704,0.05024621243324401,0.09671625124910503,0.011535373630493558,0.23000322616753466,0.059067421776219764,0.20811619144940985,0.07742714807133405,0.0807958412909078,0.014250637873454174,0.17516644590804087,0.025144703386797085,0.08320449078790675,0.0113390985666476,0.040275783501823884,0.2329200819898557,0.11907331926240511,0.058282220100410724,0.04733404576257938,0.08636464411250488,0.1187726018102434,0.05400234194302492,0.17970569178258505,0.07331410738695947,0.027089556310518875,0.1081353833296119,0.18456097072518302,0.023300842949249397,0.054899023050990974,0.16532005877174683,0.08399806529675943,0.07163488331861385,0.08130787710587002,0.16925368525645648,0.04455895222664284,0.08519152145009412,0.242369369821607,0.02313542273004677,0.10106044695756716,0.08267681780508764,0.07660543103232927,0.0,0.025420557079082445,0.03462203873903852,0.04284531475449617,0.12296786950532804,0.24074736793315152
94,0.2622278579768267,0.22939347305127858,0.011014641794356326,0.10494229319087625,0.028877872023086136,0.3486734018069718,0.1130999254915398,0.11312533959963433,0.1378078178700424,0.03768257517307741,0.2624587593179285,0.12187882554048807,0.2879688206623751,0.14997511038868913,0.12365768532644074,0.04031573499031113,0.23985116230203518,0.05962606972214858,0.15713074660434034,0.05235610952438224,0.08226905413863866,0.26505849170110835,0.1844228062501164,0.12330791587321041,0.09338287453202646,0.15465232501658396,0.19632933676111536,0.042911267772552705,0.24139539999353368,0.1324575284708773,0.08251665488470217,0.18469350638961773,0.25220364372433235,0.03970326834991321,0.11359476535406696,0.23804204419155595,0.15506429358335777,0.13911254537792642,0.13991534002310588,0.2239570053992057,0.09116773032768868,0.1433057666994731,0.31067357083196123,0.04267337866966021,0.12609936248781245,0.12549331585118514,0.14757413951902637,0.02542055707908244,0.0,0.08578305115111515,0.0944238515078317,0.19974864978383505,0.3097376837342269
121,0.2275155987550691,0.12474534010468918,0.08070887059329901,0.004789187271648598,0.03410765378097133,0.14082685715180754,0.009249240424117833,0.006642587645200785,0.09231624538602656,0.02844524577718798,0.22761312617655932,0.006878602671497399,0.09272010910936465,0.022930685086626844,0.022788678875596987,0.0275381174065589,0.06888128105219517,0.020558362557130477,0.020206786591804395,0.008699948507707764,0.005567572711577817,0.23068311534752522,0.06669402065754884,0.0070429025224952296,0.0366608009940041,0.020750294971898745,0.0430649978022136,0.13993597477760397,0.1368343824997672,0.012073117562442066,0.008312137509939647,0.03185723746923327,0.07799748623001085,0.019059572878669027,0.02103405700421117,0.07234058833333398,0.018731142388407805,0.021248969735218753,0.06396290397846582,0.15236250413157887,0.03464338738846323,0.06396051049321759,0.12347171396004387,0.018780154942019966,0.1212550324459099,0.021465868580319993,0.04223485989266516,0.03462203873903852,0.08578305115111515,0.0,0.024901364599854144,0.04309138781341247,0.12762186294032846
143,0.13228295468891377,0.06700707975278879,0.11321279015010988,0.012215554595241917,0.035304682068139345,0.16053966807838047,0.03509730963251713,0.013480163712996455,0.03376826090397844,0.058997919628991154,0.12821645356600825,0.01885036216247537,0.1395910113638432,0.05203723133370958,0.0315055092705326,0.06287915464677332,0.09604502004459875,0.06351074494149467,0.042038552187279116,0.026943533049101638,0.016078836246987378,0.13092110162583023,0.026972762867636925,0.0189840236618581,0.011148509693367135,0.04641863805033452,0.028570214198429186,0.17244972648797896,0.06905759822543038,0.02854680106887512,0.008388067076226632,0.04882622045963299,0.09715982150016388,0.02375880804825724,0.017597155389657088,0.07814304718970358,0.03744942269822091,0.010914270519743976,0.015894294362165634,0.07568276552345482,0.006840263618090271,0.020716295554949186,0.14239281826012515,0.01882069230722644,0.04641197443925303,0.036429701937786385,0.07056575310880012,0.04284531475449617,0.0944238515078317,0.024901364599854148,0.0,0.03408411375463488,0.13853094441983854
234,0.14979017392149768,0.053740190449720907,0.21243981573318843,0.023047090310360778,0.11477445383236291,0.08941066502521273,0.04582110965667226,0.022055730116558824,0.06430665149888978,0.127665058560272,0.14833809474399978,0.020333025624220118,0.0861305478632381,0.052057007529428684,0.030344863657903523,0.12684926893566423,0.045908570401440904,0.1115694506904297,0.031468838303567025,0.07535205533022121,0.03483819375060232,0.1511162741841603,0.017717853157687046,0.02270998714900853,0.043118957906422124,0.042714667764175346,0.0015989118568306981,0.3002044032080533,0.05831736987377767,0.02414529014851203,0.04056657350895318,0.03398328416546144,0.048047142917407595,0.07198610870087158,0.03539790894700649,0.04259828899076916,0.02544537059213146,0.008811986263583474,0.04058064704265921,0.08800270162821686,0.042541751558670904,0.03770895922012661,0.07470179209083352,0.06751053056406038,0.10441393936638421,0.029504357639168872,0.08363485698048033,0.12296786950532804,0.19974864978383503,0.04309138781341247,0.03408411375463488,0.0,0.07796229151909749
213,0.2605598194801557,0.13535784631817777,0.3245811433361383,0.1099248823058907,0.23060054836073282,0.006964837445993112,0.1077201459121494,0.11155255862306887,0.2023287605910255,0.23874644334879092,0.2611691039173161,0.09651696477212705,0.03599679730639056,0.164721833139502,0.058819049498208875,0.24308577642793783,0.015130462675505137,0.2237887381592112,0.13520700008867284,0.18621055769974912,0.1255989818963487,0.2624370634641757,0.10091484293693087,0.10018276979533797,0.18782534033872533,0.10754918030194165,0.07778322273698052,0.41786972145750334,0.14176111261535274,0.06511223852762185,0.15395167846826147,0.06839890363820783,0.010151613786247054,0.14892199079662793,0.16589989441712638,0.015194577397020164,0.1238465347850832,0.10401386432644688,0.14795690868846134,0.1821431911858224,0.18217356559723627,0.14504379325852781,0.001902028234073674,0.1470276524342124,0.25311476208516026,0.05963864097382469,0.23983795415306725,0.24074736793315152,0.30973768373422694,0.12762186294032846,0.1385309444198386,0.0779622915190975,0.0
